Time (s),Current (uA)
0.0,14019.76
0.01,4330.83
0.02,4326.06
0.03,4327.4
0.04,4308.84
0.05,4323.26
0.06,4303.26
0.07,4310.54
0.08,4304.48
0.09,4310.26
0.1,4309.52
0.11,4308.32
0.12,4306.93
0.13,4313.76
0.14,4305.92
0.15,4308.02
0.16,4309.79
0.17,4310.87
0.18,4308.47
0.19,4309.89
0.2,4305.82
0.21,4306.52
0.22,4310.22
0.23,4309.9
0.24,4306.71
0.25,4305.96
0.26,4308.92
0.27,4307.78
0.28,4304.38
0.29,4304.29
0.3,4309.43
0.31,4312.96
0.32,4297.99
0.33,4311.66
0.34,4302.38
0.35,4304.07
0.36,4306.73
0.37,4299.58
0.38,4306.29
0.39,4306.07
0.4,4305.74
0.41,41137.02
0.42,41038.09
0.43,36977.07
0.44,38103.71
0.45,37227.68
0.46,37102.72
0.47,37218.18
0.48,60432.13
0.49,36845.15
0.5,37060.95
0.51,37129.29
0.52,39085.52
0.53,37104.57
0.54,38106.7
0.55,40616.77
0.56,69403.1
0.57,41754.13
0.58,40320.02
0.59,40130.31
0.6,40246.03
0.61,40324.35
0.62,40347.74
0.63,40320.19
0.64,40423.32
0.65,39788.65
0.66,38916.64
0.67,36297.41
0.68,94073.91
0.69,36342.24
0.7,37208.15
0.71,38184.14
0.72,36955.38
0.73,36836.0
0.74,37009.99
0.75,39705.09
0.76,36610.61
0.77,36941.1
0.78,37153.73
0.79,47170.52
0.8,36474.35
0.81,36919.17
0.82,36837.43
0.83,36847.41
0.84,36898.06
0.85,37610.09
0.86,37126.1
0.87,48004.69
0.88,36836.49
0.89,36922.78
0.9,36833.44
0.91,36882.01
0.92,36892.69
0.93,36960.12
0.94,36412.51
0.95,37020.59
0.96,36933.38
0.97,36952.42
0.98,51157.05
0.99,36646.83
1.0,36860.6
1.01,37053.34
1.02,38919.45
1.03,36924.97
1.04,36731.56
1.05,37060.88
1.06,38590.13
1.07,36884.17
1.08,36741.58
1.09,36918.93
1.1,37958.81
1.11,36996.08
1.12,36834.4
1.13,36016.34
1.14,4073.54
1.15,702.25
1.16,26.88
1.17,69.7
1.18,555.6
1.19,483.61
1.2,536.7
1.21,517.92
1.22,454.02
1.23,532.06
1.24,2402.99
1.25,13341.68
1.26,33904.87
1.27,37154.09
1.28,37009.95
1.29,34553.4
1.3,36738.63
1.31,36652.34
1.32,36833.9
1.33,38089.6
1.34,36914.61
1.35,36889.69
1.36,36815.95
1.37,37948.43
1.38,36836.39
1.39,36809.68
1.4,36703.2
1.41,38381.37
1.42,36684.69
1.43,36862.27
1.44,36605.75
1.45,38335.44
1.46,36565.43
1.47,36808.94
1.48,36594.18
1.49,38121.0
1.5,36548.17
1.51,36786.79
1.52,36638.19
1.53,37638.2
1.54,36672.39
1.55,36802.32
1.56,36367.5
1.57,37341.74
1.58,36854.44
1.59,36849.94
1.6,35575.38
1.61,36471.38
1.62,36900.66
1.63,36758.59
1.64,36732.61
1.65,36594.13
1.66,36945.93
1.67,36589.58
1.68,36559.44
1.69,36745.26
1.7,36948.33
1.71,36548.7
1.72,38611.59
1.73,37035.23
1.74,36925.77
1.75,36693.63
1.76,52649.38
1.77,36534.41
1.78,36891.61
1.79,36500.43
1.8,38354.66
1.81,36629.21
1.82,36710.04
1.83,36700.75
1.84,39022.41
1.85,36860.03
1.86,36738.33
1.87,35366.67
1.88,54744.88
1.89,36841.72
1.9,36638.41
1.91,36311.07
1.92,37234.1
1.93,36938.4
1.94,36713.68
1.95,36722.64
1.96,37286.68
1.97,36791.57
1.98,36545.92
1.99,36107.66
2.0,36776.2
2.01,36939.01
2.02,36498.4
2.03,37007.74
2.04,36778.92
2.05,36868.98
2.06,36588.69
2.07,38439.42
2.08,36893.05
2.09,36741.4
2.1,36737.44
2.11,38293.68
2.12,37063.04
2.13,36708.71
2.14,36964.98
2.15,54843.32
2.16,36640.93
2.17,36629.2
2.18,36907.62
2.19,37204.64
2.2,36830.32
2.21,36510.57
2.22,37005.2
2.23,38588.69
2.24,36922.97
2.25,36952.29
2.26,35615.92
2.27,53903.3
2.28,37143.06
2.29,36805.21
2.3,36389.12
2.31,37874.59
2.32,36889.77
2.33,38074.36
2.34,36682.88
2.35,39419.88
2.36,38842.48
2.37,37318.09
2.38,34804.25
2.39,37186.01
2.4,36900.73
2.41,37152.78
2.42,36527.67
2.43,37387.99
2.44,36809.26
2.45,37172.89
2.46,37353.61
2.47,37269.01
2.48,36777.49
2.49,37218.14
2.5,38226.28
2.51,37072.11
2.52,36739.53
2.53,37032.38
2.54,79902.37
2.55,56194.67
2.56,36765.68
2.57,36932.85
2.58,38405.76
2.59,36847.34
2.6,36895.44
2.61,36931.24
2.62,40618.47
2.63,37953.32
2.64,36939.24
2.65,35517.23
2.66,37404.09
2.67,36855.7
2.68,37056.15
2.69,37010.72
2.7,36280.18
2.71,38765.7
2.72,37030.29
2.73,36887.02
2.74,36888.41
2.75,36990.29
2.76,36904.47
2.77,36631.14
2.78,38994.1
2.79,37069.38
2.8,36826.18
2.81,36969.95
2.82,37030.73
2.83,36335.25
2.84,38488.53
2.85,37069.81
2.86,36840.38
2.87,36951.57
2.88,34609.07
2.89,36820.17
2.9,36786.65
2.91,36690.08
2.92,36886.36
2.93,37276.25
2.94,37163.92
2.95,36853.71
2.96,36936.24
2.97,37385.93
2.98,36882.64
2.99,36829.86
3.0,36520.91
3.01,37820.08
3.02,36811.96
3.03,36869.32
3.04,36028.3
3.05,36915.37
3.06,36902.12
3.07,36918.8
3.08,38220.96
3.09,37097.39
3.1,36761.68
3.11,37076.48
3.12,38262.59
3.13,37454.79
3.14,36715.46
3.15,37163.07
3.16,38434.6
3.17,37272.64
3.18,36857.04
3.19,37298.26
3.2,38275.77
3.21,37171.28
3.22,36770.38
3.23,37135.48
3.24,38348.7
3.25,37062.72
3.26,36933.32
3.27,36826.64
3.28,37464.42
3.29,36939.57
3.3,36989.6
3.31,36457.13
3.32,37909.3
3.33,36828.21
3.34,37012.19
3.35,35630.58
3.36,37439.07
3.37,36904.14
3.38,37232.33
3.39,36534.03
3.4,37035.49
3.41,36906.64
3.42,37120.16
3.43,36621.18
3.44,37212.27
3.45,36873.87
3.46,37369.78
3.47,38744.9
3.48,37501.54
3.49,37168.92
3.5,37241.92
3.51,37429.0
3.52,37423.9
3.53,37087.89
3.54,37245.74
3.55,38539.7
3.56,37184.27
3.57,36958.43
3.58,36832.6
3.59,37421.11
3.6,36834.92
3.61,36977.06
3.62,36437.42
3.63,37760.34
3.64,36756.06
3.65,37019.37
3.66,35836.99
3.67,37468.09
3.68,35188.76
3.69,38830.87
3.7,36510.02
3.71,37020.66
3.72,37043.04
3.73,36997.84
3.74,36564.45
3.75,37174.1
3.76,36996.2
3.77,37140.73
3.78,37452.79
3.79,37532.77
3.8,37133.82
3.81,36922.6
3.82,37130.18
3.83,37302.9
3.84,37000.07
3.85,36786.27
3.86,38015.55
3.87,37239.17
3.88,37009.84
3.89,36869.39
3.9,38613.6
3.91,37165.86
3.92,37036.15
3.93,36859.82
3.94,38784.15
3.95,36883.64
3.96,37067.47
3.97,37231.64
3.98,53621.7
3.99,36973.47
4.0,37034.72
4.01,36551.06
4.02,37190.36
4.03,36867.91
4.04,36879.32
4.05,36155.25
4.06,37341.63
4.07,36943.13
4.08,36823.13
4.09,36593.02
4.1,37043.81
4.11,36874.28
4.12,36776.9
4.13,5743.72
4.14,31902.84
4.15,37048.94
4.16,11488.26
4.17,1964.21
4.18,26.92
4.19,34.8
4.2,31.33
4.21,29.98
4.22,33.58
4.23,38.56
4.24,39.63
4.25,39.94
4.26,23.6
4.27,678.24
4.28,2193.29
4.29,21291.62
4.3,33649.12
4.31,36694.33
4.32,3974.72
4.33,30.83
4.34,37.07
4.35,38.96
4.36,12.85
4.37,24.82
4.38,34.58
4.39,38.26
4.4,293.83
4.41,25.34
4.42,33.83
4.43,1937.63
4.44,2156.81
4.45,10717.15
4.46,37113.53
4.47,28879.05
4.48,96.59
4.49,34.34
4.5,36.64
4.51,36.46
4.52,92.65
4.53,32.41
4.54,492.99
4.55,519.34
4.56,615.81
4.57,474.97
4.58,515.44
4.59,2262.39
4.6,19978.55
4.61,38797.79
4.62,36828.68
4.63,4759.2
4.64,410.06
4.65,1182.68
4.66,649.39
4.67,35.82
4.68,35.52
4.69,37.34
4.7,38.77
4.71,39.46
4.72,39.85
4.73,80.39
4.74,1935.9
4.75,2147.13
4.76,10327.98
4.77,37380.34
4.78,29342.4
4.79,94.91
4.8,33.46
4.81,36.65
4.82,35.63
4.83,96.49
4.84,29.59
4.85,20.06
4.86,32.81
4.87,42.72
4.88,58.51
4.89,16.44
4.9,1897.33
4.91,19355.47
4.92,38420.96
4.93,36678.11
4.94,4660.35
4.95,29.74
4.96,36.55
4.97,38.8
4.98,39.81
4.99,40.15
5.0,39.78
5.01,20.76
5.02,32.4
5.03,88.06
5.04,26.51
5.05,35.31
5.06,2259.73
5.07,25941.49
5.08,33542.42
5.09,36528.13
5.1,4658.55
5.11,28.98
5.12,36.13
5.13,37.74
5.14,1320.7
5.15,578.25
5.16,79.48
5.17,42.23
5.18,32.84
5.19,37.47
5.2,39.52
5.21,1743.01
5.22,2175.61
5.23,4396.58
5.24,35493.78
5.25,36612.65
5.26,2081.03
5.27,16.93
5.28,30.31
5.29,35.83
5.3,37.77
5.31,39.0
5.32,40.03
5.33,39.61
5.34,40.19
5.35,39.99
5.36,89.94
5.37,28.11
5.38,29.4
5.39,33.6
5.4,37.63
5.41,86.07
5.42,1902.09
5.43,2156.89
5.44,2211.09
5.45,13941.9
5.46,28150.5
5.47,36883.6
5.48,36704.33
5.49,29891.43
5.5,73.82
5.51,25.84
5.52,33.25
5.53,36.32
5.54,36.49
5.55,82.45
5.56,50.64
5.57,37.87
5.58,39.37
5.59,24.02
5.6,31.41
5.61,38.55
5.62,1941.9
5.63,3664.71
5.64,22094.13
5.65,36841.66
5.66,21000.21
5.67,39.91
5.68,33.66
5.69,37.67
5.7,19.75
5.71,30.67
5.72,14.37
5.73,11.24
5.74,606.16
5.75,404.17
5.76,550.55
5.77,523.86
5.78,2357.33
5.79,26230.49
5.8,32992.72
5.81,36689.82
5.82,5839.34
5.83,377.2
5.84,477.96
5.85,729.88
5.86,123.85
5.87,73.84
5.88,43.5
5.89,33.76
5.9,37.54
5.91,39.22
5.92,14.3
5.93,1643.9
5.94,2187.01
5.95,4298.98
5.96,35405.12
5.97,36921.19
5.98,12845.49
5.99,37012.9
6.0,36587.98
6.01,36897.38
6.02,36202.71
6.03,36890.82
6.04,36454.72
6.05,36890.03
6.06,36545.58
6.07,36742.51
6.08,36510.02
6.09,36739.42
6.1,36256.81
6.11,36642.52
6.12,36642.94
6.13,36759.78
6.14,34194.56
6.15,36954.29
6.16,36772.34
6.17,36695.42
6.18,37738.0
6.19,37081.06
6.2,37005.03
6.21,36488.44
6.22,36307.72
6.23,36957.82
6.24,36908.5
6.25,36499.98
6.26,36579.97
6.27,37023.09
6.28,36764.29
6.29,36575.97
6.3,36733.47
6.31,36955.14
6.32,36653.64
6.33,36646.85
6.34,37936.74
6.35,37388.81
6.36,36626.1
6.37,36822.63
6.38,38018.9
6.39,37024.12
6.4,36531.69
6.41,36903.88
6.42,38236.97
6.43,36917.58
6.44,36429.31
6.45,36412.01
6.46,38744.92
6.47,37049.85
6.48,36539.74
6.49,36639.51
6.5,36574.12
6.51,36991.76
6.52,36559.15
6.53,36359.91
6.54,37036.49
6.55,36966.39
6.56,36582.44
6.57,36676.47
6.58,36840.65
6.59,36782.12
6.6,36681.2
6.61,41133.05
6.62,25905.15
6.63,2154.37
6.64,27659.68
6.65,2442.3
6.66,369.01
6.67,29.84
6.68,36.56
6.69,38.87
6.7,891.08
6.71,372.72
6.72,37.69
6.73,27.12
6.74,31.63
6.75,37.04
6.76,38.9
6.77,39.41
6.78,38.68
6.79,1878.6
6.8,5535.95
6.81,21679.4
6.82,17732.22
6.83,28965.36
6.84,31111.84
6.85,30642.74
6.86,30809.87
6.87,29006.95
6.88,37694.75
6.89,41611.45
6.9,41669.57
6.91,41700.06
6.92,41698.2
6.93,41701.01
6.94,41708.04
6.95,41620.74
6.96,41519.2
6.97,41502.13
6.98,41946.36
6.99,43241.81
7.0,43329.79
7.01,43250.85
7.02,43297.1
7.03,43319.17
7.04,43211.47
7.05,43358.57
7.06,43191.01
7.07,43288.25
7.08,43357.3
7.09,43291.31
7.1,14402.23
7.11,18935.63
7.12,23827.81
7.13,31655.09
7.14,30676.01
7.15,30638.35
7.16,30637.21
7.17,19803.28
7.18,37388.05
7.19,41518.94
7.2,41516.28
7.21,41535.44
7.22,41485.18
7.23,41488.33
7.24,41488.59
7.25,41511.31
7.26,41049.58
7.27,41550.54
7.28,42936.94
7.29,43274.8
7.3,43328.33
7.31,43227.74
7.32,43354.35
7.33,43210.18
7.34,43306.82
7.35,43327.49
7.36,43285.1
7.37,43291.54
7.38,43199.76
7.39,43295.4
7.4,43263.63
7.41,43222.57
7.42,43368.52
7.43,43275.17
7.44,43424.82
7.45,43209.9
7.46,43279.25
7.47,43344.91
7.48,43204.53
7.49,43246.32
7.5,43249.58
7.51,43207.9
7.52,43289.88
7.53,43224.24
7.54,43297.15
7.55,43213.58
7.56,43338.46
7.57,43288.08
7.58,43212.08
7.59,43349.48
7.6,43181.28
7.61,46919.64
7.62,43264.2
7.63,43309.4
7.64,43273.17
7.65,43245.11
7.66,43364.19
7.67,43280.18
7.68,43287.46
7.69,43337.12
7.7,43274.15
7.71,43299.94
7.72,43232.55
7.73,43312.91
7.74,43366.39
7.75,43316.09
7.76,43408.91
7.77,43245.34
7.78,43305.72
7.79,43324.12
7.8,43308.34
7.81,43354.66
7.82,43368.45
7.83,44061.06
7.84,44117.91
7.85,44180.0
7.86,44233.34
7.87,44137.74
7.88,44203.32
7.89,44121.34
7.9,44089.85
7.91,44197.71
7.92,44186.44
7.93,44284.59
7.94,44368.97
7.95,44295.55
7.96,44271.88
7.97,44234.12
7.98,44303.07
7.99,44251.09
8.0,44318.98
8.01,44418.21
8.02,44455.77
8.03,44459.82
8.04,44487.92
8.05,44395.85
8.06,44408.47
8.07,44384.06
8.08,44295.78
8.09,44318.07
8.1,44320.04
8.11,44399.73
8.12,44435.28
8.13,44338.03
8.14,44330.94
8.15,44211.21
8.16,44148.54
8.17,44094.55
8.18,44812.23
8.19,45060.13
8.2,44181.24
8.21,44269.98
8.22,44223.14
8.23,44291.11
8.24,44148.38
8.25,44107.34
8.26,44124.79
8.27,44249.28
8.28,44263.66
8.29,44152.09
8.3,44118.7
8.31,44073.21
8.32,44238.97
8.33,44199.0
8.34,44234.3
8.35,44280.55
8.36,44228.83
8.37,44201.67
8.38,44253.11
8.39,44162.83
8.4,44077.8
8.41,44091.88
8.42,44168.03
8.43,44288.65
8.44,44262.34
8.45,44180.71
8.46,44107.32
8.47,15407.6
8.48,20296.07
8.49,33143.59
8.5,31554.44
8.51,31079.76
8.52,30808.41
8.53,16893.9
8.54,2186.18
8.55,619.74
8.56,556.17
8.57,546.84
8.58,498.89
8.59,2378.72
8.6,2522.24
8.61,2217.34
8.62,26497.8
8.63,23634.34
8.64,2028.59
8.65,2259.9
8.66,592.21
8.67,43.16
8.68,31.28
8.69,24.63
8.7,35.65
8.71,38.37
8.72,84.01
8.73,32.61
8.74,26.44
8.75,37.39
8.76,44.16
8.77,18.41
8.78,28.24
8.79,145.98
8.8,25.29
8.81,34.81
8.82,33.22
8.83,36.94
8.84,24.68
8.85,23.96
8.86,90.19
8.87,23.42
8.88,36.27
8.89,25.5
8.9,34.33
8.91,224.86
8.92,30.58
8.93,22.34
8.94,31.01
8.95,86.2
8.96,48.52
8.97,29.71
8.98,16.52
8.99,81.63
9.0,204.61
9.01,26.62
9.02,35.04
9.03,38.81
9.04,24.58
9.05,29.98
9.06,435.62
9.07,23.81
9.08,32.54
9.09,70.52
9.1,47.69
9.11,21.16
9.12,28.25
9.13,37.04
9.14,447.38
9.15,510.59
9.16,545.89
9.17,489.08
9.18,488.48
9.19,485.8
9.2,529.46
9.21,468.18
9.22,500.64
9.23,479.41
9.24,445.43
9.25,488.93
9.26,502.69
9.27,128.31
9.28,31.24
9.29,35.83
9.3,36.98
9.31,38.0
9.32,39.34
9.33,39.29
9.34,40.04
9.35,25.85
9.36,27.52
9.37,35.82
9.38,37.39
9.39,30.07
9.4,37.6
9.41,23.65
9.42,28.83
9.43,864.79
9.44,30.69
9.45,82.9
9.46,37.0
9.47,33.52
9.48,37.28
9.49,71.12
9.5,26.41
9.51,34.29
9.52,37.7
9.53,38.74
9.54,24.67
9.55,28.68
9.56,35.18
9.57,21.82
9.58,29.78
9.59,36.11
9.6,37.86
9.61,38.84
9.62,39.94
9.63,85.24
9.64,40.45
9.65,31.24
9.66,37.73
9.67,101.85
9.68,23.39
9.69,37.32
9.7,58.71
9.71,61.3
9.72,31.17
9.73,37.67
9.74,39.92
9.75,43.39
9.76,26.89
9.77,485.05
9.78,2117.92
9.79,2159.59
9.8,2132.04
9.81,18755.54
9.82,25163.3
9.83,14909.87
9.84,3324.16
9.85,2551.52
9.86,2133.67
9.87,2126.25
9.88,22308.87
9.89,11376.68
9.9,4413.63
9.91,8704.53
9.92,2144.25
9.93,6248.86
9.94,22342.99
9.95,9094.87
9.96,25561.05
9.97,15302.31
9.98,14187.53
9.99,31267.86
10.0,17452.53
10.01,16802.29
10.02,13074.81
10.03,24581.55
10.04,33981.09
10.05,19773.46
10.06,10796.8
10.07,3779.28
10.08,2557.41
10.09,2546.6
10.1,2553.9
10.11,992.11
10.12,558.31
10.13,496.96
10.14,472.54
10.15,474.94
10.16,504.5
10.17,479.61
10.18,558.68
10.19,413.17
10.2,504.79
10.21,460.05
10.22,140.18
10.23,28.59
10.24,36.6
10.25,23.1
10.26,26.56
10.27,35.79
10.28,39.29
10.29,38.12
10.3,38.67
10.31,39.51
10.32,21.51
10.33,28.21
10.34,35.3
10.35,39.89
10.36,81.97
10.37,24.36
10.38,34.25
10.39,38.53
10.4,237.1
10.41,20.88
10.42,32.26
10.43,39.05
10.44,43.21
10.45,26.62
10.46,34.2
10.47,37.91
10.48,39.08
10.49,39.52
10.5,40.6
10.51,72.66
10.52,34.84
10.53,37.79
10.54,56.26
10.55,27.83
10.56,15.1
10.57,30.42
10.58,36.63
10.59,316.03
10.6,24.85
10.61,33.85
10.62,37.26
10.63,114.73
10.64,12.69
10.65,26.53
10.66,34.62
10.67,37.6
10.68,39.11
10.69,219.21
10.7,24.28
10.71,33.23
10.72,37.22
10.73,38.71
10.74,39.09
10.75,39.73
10.76,39.54
10.77,39.79
10.78,40.11
10.79,21.66
10.8,27.94
10.81,36.58
10.82,29.56
10.83,30.67
10.84,35.95
10.85,92.76
10.86,22.84
10.87,32.49
10.88,35.85
10.89,38.35
10.9,40.3
10.91,41.32
10.92,64.6
10.93,27.65
10.94,30.41
10.95,84.48
10.96,9.69
10.97,90.31
10.98,19.89
10.99,24.91
11.0,37.19
11.01,37.41
11.02,86.26
11.03,21.2
11.04,229.83
11.05,31.04
11.06,35.05
11.07,68.8
11.08,33.19
11.09,35.38
11.1,69.64
11.11,35.71
11.12,38.45
11.13,22.21
11.14,30.18
11.15,38.12
11.16,22.32
11.17,30.66
11.18,37.95
11.19,24.16
11.2,31.49
11.21,241.17
11.22,27.84
11.23,35.8
11.24,103.92
11.25,20.94
11.26,29.94
11.27,35.62
11.28,522.35
11.29,2104.62
11.3,2167.89
11.31,14247.6
11.32,187.66
11.33,30.64
11.34,37.87
11.35,82.25
11.36,26.16
11.37,184.07
11.38,504.86
11.39,577.07
11.4,436.9
11.41,496.93
11.42,502.01
11.43,438.11
11.44,519.14
11.45,490.98
11.46,494.69
11.47,480.35
11.48,465.01
11.49,524.82
11.5,133.32
11.51,29.68
11.52,36.37
11.53,267.1
11.54,21.66
11.55,33.62
11.56,20.78
11.57,27.37
11.58,34.9
11.59,37.88
11.6,38.35
11.61,21.02
11.62,18.56
11.63,45.52
11.64,38.07
11.65,24.83
11.66,30.45
11.67,37.68
11.68,51.34
11.69,31.45
11.7,348.49
11.71,27.53
11.72,35.27
11.73,104.61
11.74,26.52
11.75,30.76
11.76,36.44
11.77,38.44
11.78,17.97
11.79,25.09
11.8,34.48
11.81,38.53
11.82,38.93
11.83,39.5
11.84,39.41
11.85,39.42
11.86,75.27
11.87,50.28
11.88,34.45
11.89,93.11
11.9,37.01
11.91,34.09
11.92,60.49
11.93,18.8
11.94,32.21
11.95,32.85
11.96,33.56
11.97,28.43
11.98,38.61
11.99,28.39
12.0,29.17
12.01,38.21
12.02,24.3
12.03,233.76
12.04,32.79
12.05,38.35
12.06,32.3
12.07,25.73
12.08,34.85
12.09,38.11
12.1,39.21
12.11,88.61
12.12,25.84
12.13,36.68
12.14,58.82
12.15,65.36
12.16,33.69
12.17,38.62
12.18,21.05
12.19,514.8
12.2,364.94
12.21,31.93
12.22,70.12
12.23,59.73
12.24,25.82
12.25,11.19
12.26,71.61
12.27,230.98
12.28,24.45
12.29,35.38
12.3,39.02
12.31,39.79
12.32,39.83
12.33,36.49
12.34,31.38
12.35,37.05
12.36,28.76
12.37,33.57
12.38,87.49
12.39,46.4
12.4,35.9
12.41,22.76
12.42,27.43
12.43,37.04
12.44,39.84
12.45,24.43
12.46,32.2
12.47,40.11
12.48,609.28
12.49,501.67
12.5,507.52
12.51,1262.47
12.52,2375.74
12.53,1776.34
12.54,2362.21
12.55,2922.73
12.56,9283.1
12.57,7510.74
12.58,541.72
12.59,492.29
12.6,145.67
12.61,26.99
12.62,35.3
12.63,38.34
12.64,39.03
12.65,39.45
12.66,69.14
12.67,30.9
12.68,237.88
12.69,364.77
12.7,31.48
12.71,108.43
12.72,18.72
12.73,31.03
12.74,36.88
12.75,38.74
12.76,1398.88
12.77,3933.76
12.78,6315.08
12.79,5306.24
12.8,30243.9
12.81,27651.9
12.82,39222.29
12.83,36949.04
12.84,36645.95
12.85,40181.09
12.86,35966.43
12.87,35758.17
12.88,90630.85
12.89,49784.19
12.9,36538.49
12.91,36597.89
12.92,38028.45
12.93,36666.15
12.94,36205.78
12.95,35409.02
12.96,66447.71
12.97,36880.04
12.98,36609.71
12.99,36252.35
13.0,36783.96
13.01,36855.9
13.02,38193.12
13.03,42556.0
13.04,39986.98
13.05,40421.03
13.06,40267.02
13.07,40575.06
13.08,41186.46
13.09,40261.07
13.1,40310.81
13.11,40396.54
13.12,39985.2
13.13,40081.55
13.14,40435.38
13.15,40066.62
13.16,40796.68
13.17,40218.95
13.18,40411.82
13.19,18264.88
13.2,40623.4
13.21,25595.01
13.22,7765.24
13.23,7676.92
13.24,7821.62
13.25,7830.23
13.26,7767.63
13.27,7704.74
13.28,7731.71
13.29,7708.98
13.3,7693.73
13.31,7675.2
13.32,7726.24
13.33,7720.71
13.34,7757.7
13.35,7747.14
13.36,7672.06
13.37,7755.96
13.38,7663.31
13.39,7745.25
13.4,7431.72
13.41,2136.67
13.42,2138.07
13.43,17349.39
13.44,16123.61
13.45,47785.12
13.46,37329.59
13.47,36638.28
13.48,36822.26
13.49,37272.1
13.5,37259.56
13.51,36708.94
13.52,36775.23
13.53,41715.12
13.54,38983.0
13.55,38991.03
13.56,55793.64
13.57,39734.14
13.58,39773.31
13.59,39554.63
13.6,38870.94
13.61,37141.72
13.62,50869.21
13.63,95721.93
13.64,66074.99
13.65,36833.34
13.66,36592.5
13.67,36692.17
13.68,36118.93
13.69,37562.13
13.7,36736.21
13.71,36736.52
13.72,36572.53
13.73,36642.86
13.74,36639.39
13.75,36731.76
13.76,36762.53
13.77,36029.42
13.78,36608.69
13.79,36611.53
13.8,36804.84
13.81,36401.65
13.82,37667.2
13.83,36579.14
13.84,36777.31
13.85,37199.02
13.86,37446.99
13.87,36396.97
13.88,36741.67
13.89,37240.44
13.9,37343.39
13.91,36470.62
13.92,14156.73
13.93,24772.9
13.94,36843.12
13.95,13874.17
13.96,741.75
13.97,24.71
13.98,349.85
13.99,488.29
14.0,514.4
14.01,477.08
14.02,487.65
14.03,405.61
14.04,458.11
14.05,480.09
14.06,1767.6
14.07,2369.53
14.08,4122.15
14.09,36877.87
14.1,30582.27
14.11,183.29
14.12,32.6
14.13,27.44
14.14,31.19
14.15,36.84
14.16,38.8
14.17,39.64
14.18,72.29
14.19,55.0
14.2,34.78
14.21,36.56
14.22,1409.04
14.23,13824.78
14.24,38245.17
14.25,36976.18
14.26,12838.38
14.27,568.53
14.28,19.62
14.29,70.05
14.3,18.26
14.31,33.14
14.32,37.35
14.33,38.77
14.34,27.05
14.35,30.63
14.36,37.96
14.37,1438.88
14.38,6461.54
14.39,30959.75
14.4,37530.63
14.41,13620.57
14.42,24.22
14.43,34.9
14.44,75.79
14.45,48.53
14.46,33.87
14.47,38.44
14.48,37.46
14.49,39.1
14.5,64.42
14.51,33.14
14.52,1645.92
14.53,3321.11
14.54,18804.78
14.55,25007.59
14.56,36853.78
14.57,14451.79
14.58,9236.46
14.59,82881.6
14.6,68150.87
14.61,36760.84
14.62,36493.77
14.63,37829.68
14.64,36392.26
14.65,36829.66
14.66,36468.22
14.67,36092.99
14.68,36557.76
14.69,37458.28
14.7,36021.13
14.71,36129.38
14.72,36543.75
14.73,36831.12
14.74,35946.79
14.75,37188.82
14.76,36770.13
14.77,36609.39
14.78,36116.69
14.79,36862.91
14.8,36800.15
14.81,36521.92
14.82,36709.24
14.83,36763.34
14.84,36809.82
14.85,36569.61
14.86,13928.73
14.87,36635.86
14.88,22622.31
14.89,20.73
14.9,33.55
14.91,37.85
14.92,39.15
14.93,39.69
14.94,79.79
14.95,32.39
14.96,38.9
14.97,77.67
14.98,33.58
14.99,68.3
15.0,1912.33
15.01,22138.95
15.02,28077.71
15.03,36570.18
15.04,13481.04
15.05,27.53
15.06,36.27
15.07,39.08
15.08,525.82
15.09,540.43
15.1,545.93
15.11,497.46
15.12,520.7
15.13,453.08
15.14,488.76
15.15,1628.92
15.16,2453.63
15.17,2381.94
15.18,27020.76
15.19,37024.09
15.2,4292.4
15.21,31.79
15.22,36.82
15.23,44.22
15.24,25.03
15.25,539.05
15.26,22.19
15.27,34.85
15.28,36.35
15.29,38.95
15.3,40.26
15.31,1379.75
15.32,5923.82
15.33,30635.39
15.34,37613.7
15.35,14430.43
15.36,22.35
15.37,34.07
15.38,37.78
15.39,39.75
15.4,35.57
15.41,25.0
15.42,34.18
15.43,24.57
15.44,29.72
15.45,96.48
15.46,22.32
15.47,1348.49
15.48,12740.83
15.49,38091.39
15.5,37138.72
15.51,14120.44
15.52,26.23
15.53,35.15
15.54,38.36
15.55,39.25
15.56,39.61
15.57,39.5
15.58,64.34
15.59,57.06
15.6,34.34
15.61,24.58
15.62,801.17
15.63,2181.87
15.64,10539.08
15.65,23410.76
15.66,36615.99
15.67,13157.54
15.68,31.54
15.69,37.22
15.7,23.73
15.71,26.75
15.72,35.83
15.73,38.68
15.74,816.71
15.75,134.73
15.76,33.35
15.77,36.03
15.78,1331.62
15.79,12520.46
15.8,38009.63
15.81,37200.84
15.82,23296.04
15.83,60.28
15.84,32.55
15.85,37.25
15.86,39.5
15.87,39.75
15.88,40.06
15.89,40.08
15.9,84.37
15.91,23.64
15.92,32.67
15.93,84.7
15.94,42.27
15.95,33.96
15.96,1335.31
15.97,5502.93
15.98,30503.91
15.99,37547.85
16.0,15002.96
16.01,30.36
16.02,31.6
16.03,36.95
16.04,38.48
16.05,75.07
16.06,30.08
16.07,36.5
16.08,38.62
16.09,28.79
16.1,31.89
16.11,36.59
16.12,2331.4
16.13,18804.34
16.14,23681.98
16.15,36482.58
16.16,23583.01
16.17,18.79
16.18,29.36
16.19,34.73
16.2,37.57
16.21,38.44
16.22,226.87
16.23,598.13
16.24,503.47
16.25,553.68
16.26,542.72
16.27,463.27
16.28,467.82
16.29,469.3
16.3,432.22
16.31,476.49
16.32,810.81
16.33,428.69
16.34,1701.2
16.35,2360.44
16.36,5609.98
16.37,22992.61
16.38,24082.85
16.39,36696.78
16.4,36913.54
16.41,15623.09
16.42,487.36
16.43,20.77
16.44,32.53
16.45,37.44
16.46,39.1
16.47,39.76
16.48,25.26
16.49,26.99
16.5,35.35
16.51,25.01
16.52,29.14
16.53,1217.0
16.54,2262.2
16.55,2206.79
16.56,25732.85
16.57,36665.45
16.58,5515.1
16.59,29.87
16.6,36.19
16.61,38.22
16.62,39.57
16.63,24.22
16.64,26.83
16.65,34.91
16.66,38.86
16.67,27.09
16.68,30.37
16.69,1311.13
16.7,2173.68
16.71,3437.78
16.72,34808.23
16.73,33074.9
16.74,240.05
16.75,31.9
16.76,36.74
16.77,38.43
16.78,39.22
16.79,39.52
16.8,39.3
16.81,24.77
16.82,34.7
16.83,64.49
16.84,23.7
16.85,1269.99
16.86,11798.45
16.87,38081.85
16.88,37355.22
16.89,15106.48
16.9,26.04
16.91,36.31
16.92,38.05
16.93,39.09
16.94,39.88
16.95,103.75
16.96,29.27
16.97,36.5
16.98,56.13
16.99,31.21
17.0,747.01
17.01,2176.36
17.02,10573.84
17.03,22246.24
17.04,36597.09
17.05,14469.15
17.06,27.73
17.07,35.4
17.08,38.28
17.09,25.92
17.1,27.16
17.11,35.63
17.12,38.55
17.13,26.19
17.14,28.42
17.15,38.36
17.16,1347.23
17.17,2170.24
17.18,15141.74
17.19,38035.76
17.2,24604.37
17.21,18.36
17.22,33.11
17.23,37.78
17.24,39.52
17.25,30.86
17.26,30.87
17.27,36.35
17.28,38.79
17.29,31.22
17.3,33.05
17.31,38.78
17.32,1891.56
17.33,4752.98
17.34,30056.54
17.35,37479.09
17.36,37116.11
17.37,36606.57
17.38,40508.43
17.39,13855.63
17.4,8019.72
17.41,522.26
17.42,536.15
17.43,553.72
17.44,512.0
17.45,472.08
17.46,520.73
17.47,415.92
17.48,455.95
17.49,494.45
17.5,402.69
17.51,442.73
17.52,552.3
17.53,242.18
17.54,29.94
17.55,35.51
17.56,38.04
17.57,39.24
17.58,68.87
17.59,29.95
17.6,36.08
17.61,38.84
17.62,91.66
17.63,24.59
17.64,37.04
17.65,91.02
17.66,32.77
17.67,29.73
17.68,32.26
17.69,38.2
17.7,61.65
17.71,31.52
17.72,37.82
17.73,63.81
17.74,32.31
17.75,38.46
17.76,78.96
17.77,33.15
17.78,24.73
17.79,2277.2
17.8,18855.71
17.81,1624.52
17.82,24.53
17.83,35.24
17.84,259.48
17.85,15.51
17.86,31.67
17.87,37.29
17.88,39.33
17.89,26.22
17.9,27.16
17.91,35.74
17.92,38.49
17.93,65.78
17.94,25.5
17.95,38.05
17.96,27.19
17.97,30.28
17.98,38.61
17.99,25.5
18.0,27.25
18.01,36.4
18.02,84.17
18.03,29.3
18.04,38.18
18.05,25.65
18.06,27.94
18.07,37.36
18.08,26.45
18.09,28.77
18.1,37.0
18.11,27.74
18.12,23.44
18.13,19.85
18.14,29.88
18.15,87.43
18.16,43.07
18.17,33.03
18.18,39.7
18.19,28.36
18.2,28.12
18.21,92.08
18.22,22.55
18.23,34.94
18.24,39.99
18.25,81.74
18.26,32.76
18.27,76.54
18.28,23.7
18.29,35.96
18.3,33.77
18.31,25.76
18.32,37.45
18.33,430.43
18.34,1139.35
18.35,1034.86
18.36,28.09
18.37,34.51
18.38,39.11
18.39,38.83
18.4,39.21
18.41,26.34
18.42,25.16
18.43,26.6
18.44,81.34
18.45,35.95
18.46,25.16
18.47,27.8
18.48,37.21
18.49,31.17
18.5,31.83
18.51,303.5
18.52,569.62
18.53,521.74
18.54,470.46
18.55,473.47
18.56,500.81
18.57,480.68
18.58,501.61
18.59,494.31
18.6,407.53
18.61,486.86
18.62,536.92
18.63,523.52
18.64,16.36
18.65,32.77
18.66,35.56
18.67,37.91
18.68,27.26
18.69,28.03
18.7,36.16
18.71,38.61
18.72,39.83
18.73,23.67
18.74,33.35
18.75,17.99
18.76,23.72
18.77,106.0
18.78,29.87
18.79,37.37
18.8,42.42
18.81,31.02
18.82,108.43
18.83,210.87
18.84,22.3
18.85,33.85
18.86,37.72
18.87,38.91
18.88,90.84
18.89,18.41
18.9,27.93
18.91,34.31
18.92,36.67
18.93,38.61
18.94,39.33
18.95,26.08
18.96,23.07
18.97,32.04
18.98,37.21
18.99,40.15
19.0,84.06
19.01,23.64
19.02,32.45
19.03,37.72
19.04,39.77
19.05,89.39
19.06,21.71
19.07,31.53
19.08,36.98
19.09,90.24
19.1,25.22
19.11,33.88
19.12,32.78
19.13,25.42
19.14,1103.29
19.15,2235.88
19.16,2169.05
19.17,2189.53
19.18,5093.06
19.19,51.2
19.2,31.51
19.21,36.47
19.22,45.65
19.23,70.21
19.24,32.35
19.25,37.11
19.26,25.66
19.27,26.31
19.28,35.67
19.29,28.69
19.3,29.58
19.31,37.15
19.32,40.54
19.33,57.95
19.34,27.16
19.35,37.74
19.36,72.44
19.37,55.05
19.38,32.96
19.39,38.34
19.4,98.78
19.41,20.46
19.42,32.49
19.43,28.17
19.44,28.16
19.45,22.11
19.46,472.31
19.47,22.43
19.48,34.15
19.49,37.73
19.5,39.64
19.51,62.69
19.52,22.07
19.53,24.17
19.54,29.86
19.55,36.55
19.56,56.77
19.57,28.92
19.58,36.25
19.59,37.91
19.6,38.47
19.61,78.24
19.62,35.99
19.63,38.44
19.64,20.16
19.65,29.59
19.66,38.28
19.67,39.17
19.68,77.85
19.69,32.03
19.7,39.15
19.71,22.67
19.72,35.53
19.73,39.47
19.74,19.85
19.75,34.62
19.76,38.75
19.77,21.49
19.78,569.67
19.79,522.62
19.8,510.62
19.81,546.72
19.82,495.03
19.83,488.57
19.84,492.04
19.85,531.92
19.86,466.7
19.87,493.1
19.88,531.63
19.89,479.48
19.9,472.62
19.91,23.34
19.92,33.56
19.93,38.01
19.94,39.22
19.95,40.59
19.96,24.82
19.97,44.07
19.98,733.02
19.99,28.74
20.0,36.54
20.01,38.22
20.02,23.99
20.03,32.79
20.04,37.3
20.05,38.89
20.06,39.14
20.07,17.32
20.08,31.0
20.09,39.39
20.1,48.24
20.11,27.91
20.12,39.05
20.13,63.49
20.14,29.4
20.15,83.29
20.16,14.86
20.17,29.96
20.18,97.45
20.19,32.73
20.2,38.56
20.21,24.64
20.22,34.09
20.23,39.35
20.24,35.05
20.25,32.03
20.26,38.88
20.27,41.21
20.28,30.44
20.29,31.98
20.3,37.93
20.31,29.98
20.32,30.8
20.33,37.03
20.34,40.37
20.35,18.61
20.36,33.96
20.37,38.54
20.38,36.02
20.39,31.49
20.4,38.7
20.41,40.88
20.42,16.3
20.43,30.77
20.44,37.29
20.45,40.31
20.46,47.94
20.47,31.53
20.48,38.19
20.49,2114.25
20.5,2109.31
20.51,2121.07
20.52,26161.07
20.53,24274.95
20.54,59.84
20.55,35.26
20.56,36.64
20.57,38.62
20.58,39.35
20.59,39.87
20.6,39.96
20.61,85.65
20.62,28.72
20.63,36.4
20.64,58.72
20.65,30.74
20.66,38.41
20.67,99.35
20.68,26.22
20.69,36.43
20.7,19.65
20.71,33.84
20.72,37.19
20.73,87.12
20.74,29.22
20.75,37.31
20.76,17.66
20.77,32.74
20.78,38.39
20.79,56.02
20.8,22.5
20.81,34.55
20.82,39.32
20.83,77.84
20.84,30.73
20.85,37.03
20.86,35.59
20.87,90.32
20.88,32.59
20.89,22.99
20.9,35.06
20.91,39.97
20.92,16.96
20.93,30.07
20.94,37.97
20.95,21.2
20.96,155.6
20.97,564.06
20.98,489.06
20.99,480.37
21.0,494.32
21.01,445.7
21.02,491.47
21.03,548.65
21.04,535.11
21.05,451.73
21.06,625.82
21.07,464.53
21.08,449.26
21.09,461.23
21.1,24.22
21.11,30.78
21.12,36.24
21.13,38.77
21.14,39.52
21.15,57.36
21.16,28.88
21.17,35.91
21.18,38.13
21.19,38.86
21.2,19.15
21.21,15.43
21.22,81.9
21.23,31.63
21.24,36.64
21.25,63.49
21.26,29.74
21.27,37.15
21.28,19.25
21.29,33.84
21.3,84.42
21.31,29.54
21.32,38.01
21.33,30.14
21.34,29.13
21.35,37.57
21.36,88.23
21.37,29.91
21.38,38.54
21.39,40.54
21.4,18.2
21.41,33.47
21.42,88.35
21.43,28.19
21.44,37.25
21.45,40.75
21.46,19.43
21.47,29.42
21.48,39.0
21.49,88.63
21.5,27.83
21.51,36.14
21.52,99.11
21.53,100.48
21.54,22.62
21.55,431.04
21.56,64.58
21.57,33.03
21.58,39.59
21.59,38.41
21.6,39.21
21.61,39.53
21.62,58.37
21.63,30.71
21.64,32.72
21.65,38.06
21.66,40.6
21.67,21.26
21.68,32.08
21.69,37.17
21.7,39.45
21.71,90.38
21.72,25.45
21.73,33.18
21.74,32.43
21.75,27.92
21.76,35.39
21.77,36.65
21.78,38.81
21.79,73.79
21.8,24.34
21.81,33.87
21.82,39.12
21.83,39.12
21.84,20.62
21.85,25.6
21.86,34.68
21.87,37.92
21.88,39.34
21.89,85.35
21.9,950.62
21.91,2179.02
21.92,2180.62
21.93,2101.99
21.94,13961.87
21.95,18.84
21.96,32.15
21.97,36.47
21.98,39.48
21.99,93.92
22.0,26.32
22.01,35.29
22.02,37.94
22.03,96.43
22.04,26.94
22.05,36.26
22.06,97.13
22.07,29.23
22.08,35.92
22.09,40.18
22.1,23.12
22.11,35.16
22.12,88.84
22.13,32.54
22.14,34.07
22.15,669.42
22.16,73.92
22.17,34.24
22.18,263.8
22.19,471.36
22.2,583.72
22.21,490.55
22.22,486.9
22.23,475.9
22.24,422.08
22.25,474.77
22.26,448.94
22.27,527.93
22.28,485.67
22.29,445.37
22.3,424.72
22.31,83.48
22.32,34.66
22.33,37.1
22.34,38.7
22.35,16.86
22.36,30.1
22.37,36.25
22.38,38.59
22.39,19.71
22.4,33.59
22.41,38.66
22.42,67.94
22.43,31.48
22.44,38.83
22.45,21.82
22.46,32.9
22.47,39.25
22.48,19.9
22.49,32.93
22.5,39.09
22.51,19.97
22.52,32.96
22.53,39.01
22.54,22.41
22.55,32.53
22.56,27.78
22.57,17.91
22.58,19.4
22.59,31.26
22.6,70.74
22.61,33.87
22.62,92.19
22.63,23.97
22.64,39.15
22.65,418.3
22.66,28.48
22.67,37.87
22.68,37.84
22.69,39.1
22.7,39.67
22.71,30.65
22.72,29.5
22.73,35.85
22.74,39.47
22.75,22.47
22.76,34.1
22.77,39.4
22.78,22.97
22.79,28.24
22.8,74.02
22.81,29.58
22.82,36.42
22.83,39.59
22.84,23.37
22.85,37.01
22.86,38.12
22.87,81.34
22.88,29.31
22.89,50.78
22.9,30.94
22.91,38.72
22.92,22.35
22.93,34.57
22.94,78.31
22.95,28.34
22.96,37.2
22.97,66.09
22.98,30.45
22.99,38.54
23.0,87.53
23.01,29.13
23.02,38.39
23.03,23.75
23.04,34.42
23.05,40.04
23.06,31.71
23.07,32.11
23.08,38.37
23.09,89.18
23.1,28.81
23.11,123.96
23.12,15.06
23.13,32.98
23.14,38.97
23.15,207.26
23.16,33.58
23.17,2015.91
23.18,2138.96
23.19,7572.72
23.2,24982.78
23.21,1381.89
23.22,32.75
23.23,37.51
23.24,20.04
23.25,31.7
23.26,37.06
23.27,70.9
23.28,32.96
23.29,332.06
23.3,615.47
23.31,487.44
23.32,559.25
23.33,569.81
23.34,567.39
23.35,418.23
23.36,534.72
23.37,510.65
23.38,473.02
23.39,548.52
23.4,496.05
23.41,544.17
23.42,17.74
23.43,35.38
23.44,36.8
23.45,38.52
23.46,39.38
23.47,80.95
23.48,28.75
23.49,34.63
23.5,35.53
23.51,28.03
23.52,6.99
23.53,37.23
23.54,89.84
23.55,28.67
23.56,35.19
23.57,38.84
23.58,40.26
23.59,19.65
23.6,30.78
23.61,37.15
23.62,104.63
23.63,18.98
23.64,31.55
23.65,38.17
23.66,882.62
23.67,19.81
23.68,33.53
23.69,35.63
23.7,85.11
23.71,29.74
23.72,30.55
23.73,36.5
23.74,38.52
23.75,38.34
23.76,46.26
23.77,46.25
23.78,33.6
23.79,38.36
23.8,38.4
23.81,30.06
23.82,33.99
23.83,17.67
23.84,28.74
23.85,88.79
23.86,23.53
23.87,40.3
23.88,86.85
23.89,30.3
23.9,37.01
23.91,83.09
23.92,29.14
23.93,43.6
23.94,27.88
23.95,75.77
23.96,25.33
23.97,69.43
23.98,28.59
23.99,91.31
24.0,24.55
24.01,33.07
24.02,87.76
24.03,25.83
24.04,20.62
24.05,31.47
24.06,19.75
24.07,33.0
24.08,38.83
24.09,97.08
24.1,30.99
24.11,29.82
24.12,94.74
24.13,17.47
24.14,25.27
24.15,35.95
24.16,22.48
24.17,33.6
24.18,22.06
24.19,33.07
24.2,22.64
24.21,99.36
24.22,24.51
24.23,32.98
24.24,36.86
24.25,693.27
24.26,10.44
24.27,22.38
24.28,32.95
24.29,90.14
24.3,24.48
24.31,35.69
24.32,37.33
24.33,20.18
24.34,34.6
24.35,37.99
24.36,23.52
24.37,35.05
24.38,19.15
24.39,75.35
24.4,36.14
24.41,33.7
24.42,24.83
24.43,77.68
24.44,28.93
24.45,65.71
24.46,31.47
24.47,33.35
24.48,27.96
24.49,37.58
24.5,38.18
24.51,91.01
24.52,42.77
24.53,24.6
24.54,34.34
24.55,73.36
24.56,26.61
24.57,101.32
24.58,12.9
24.59,23.77
24.6,1987.54
24.61,2197.14
24.62,2158.83
24.63,2169.75
24.64,7878.23
24.65,3207.91
24.66,24.4
24.67,77.67
24.68,20.84
24.69,28.73
24.7,4.97
24.71,19.94
24.72,31.32
24.73,37.02
24.74,15.97
24.75,28.71
24.76,21.22
24.77,77.48
24.78,27.07
24.79,21.48
24.8,28.83
24.81,24.98
24.82,94.31
24.83,355.14
24.84,140.62
24.85,30.83
24.86,20.99
24.87,29.74
24.88,17.11
24.89,55.43
24.9,45.59
24.91,77.58
24.92,26.15
24.93,97.78
24.94,21.91
24.95,17.51
24.96,31.75
24.97,19.43
24.98,14.25
24.99,20.22
25.0,32.02
25.01,85.59
25.02,28.69
25.03,9.32
25.04,28.25
25.05,20.79
25.06,31.55
25.07,14.59
25.08,65.58
25.09,33.35
25.1,68.0
25.11,32.4
25.12,15.36
25.13,69.31
25.14,26.59
25.15,6.9
25.16,25.72
25.17,19.98
25.18,30.25
25.19,11.65
25.2,29.24
25.21,90.73
25.22,33.73
25.23,38.61
25.24,94.31
25.25,27.36
25.26,35.67
25.27,26.83
25.28,30.84
25.29,13.58
25.3,34.94
25.31,23.14
25.32,33.27
25.33,728.0
25.34,25.32
25.35,34.84
25.36,83.4
25.37,29.34
25.38,35.11
25.39,17.17
25.4,31.14
25.41,83.28
25.42,33.7
25.43,38.35
25.44,19.62
25.45,31.22
25.46,47.31
25.47,55.55
25.48,33.42
25.49,42.25
25.5,57.2
25.51,35.31
25.52,38.82
25.53,22.09
25.54,31.11
25.55,37.8
25.56,23.46
25.57,33.95
25.58,37.35
25.59,24.68
25.6,31.72
25.61,11.98
25.62,33.74
25.63,40.67
25.64,19.31
25.65,32.98
25.66,93.05
25.67,26.21
25.68,36.34
25.69,40.47
25.7,20.44
25.71,29.48
25.72,46.21
25.73,51.36
25.74,33.98
25.75,72.48
25.76,32.02
25.77,38.16
25.78,27.8
25.79,32.93
25.8,37.75
25.81,2568.56
25.82,2136.43
25.83,2133.87
25.84,3690.85
25.85,3870.53
25.86,4144.77
25.87,752.58
25.88,2.92
25.89,3.83
25.9,2.39
25.91,1.59
25.92,1.41
25.93,8.94
25.94,6.65
25.95,3.98
25.96,4.49
25.97,2.51
25.98,0.69
25.99,1.22
26.0,2.42
26.01,0.86
26.02,3.61
26.03,3.03
26.04,2.52
26.05,2.21
26.06,2.05
26.07,2.09
26.08,0.58
26.09,3.36
26.1,3.9
26.11,1.47
26.12,1.57
26.13,1.41
26.14,1.13
26.15,2.84
26.16,2.96
26.17,2.55
26.18,2.89
26.19,2.56
26.2,2.42
26.21,2.96
26.22,1.12
26.23,5.94
26.24,8.04
26.25,9.21
26.26,6.37
26.27,4.81
26.28,1.55
26.29,1.63
26.3,2.74
26.31,1.93
26.32,2.34
26.33,847.79
26.34,5.73
26.35,2.7
26.36,1.9
26.37,1.37
26.38,1.09
26.39,0.71
26.4,1.65
26.41,1.53
26.42,1.16
26.43,0.08
26.44,1.82
26.45,2.96
26.46,2.79
26.47,2.5
26.48,1.94
26.49,2.25
26.5,0.14
26.51,2.78
26.52,2.78
26.53,2.46
26.54,1.53
26.55,1.24
26.56,0.97
26.57,7.41
26.58,2.1
26.59,4.6
26.6,4.43
26.61,1.99
26.62,2.58
26.63,2.92
26.64,1.63
26.65,3.69
26.66,6.49
26.67,4.37
26.68,2.99
26.69,2.14
26.7,2.69
26.71,2.34
26.72,0.52
26.73,5.33
26.74,4.08
26.75,3.08
26.76,2.63
26.77,6.09
26.78,2.72
26.79,1.17
26.8,4.62
26.81,4.23
26.82,3.12
26.83,2.51
26.84,1.88
26.85,2.17
26.86,-0.1
26.87,0.51
26.88,1.34
26.89,8.15
26.9,5.65
26.91,5.82
26.92,4.17
26.93,3.51
26.94,5.06
26.95,2.19
26.96,2.19
26.97,2.65
26.98,4.5
26.99,3.33
27.0,1.28
27.01,2.74
27.02,2.12
27.03,1.64
27.04,2.53
27.05,2.78
27.06,1.85
27.07,5.0
27.08,4.58
27.09,3.27
27.1,2.84
27.11,2.66
27.12,3.29
27.13,3.42
27.14,2.17
27.15,-0.04
27.16,1.1
27.17,1.28
27.18,1.72
27.19,3.53
27.2,1.75
27.21,2.4
27.22,3.38
27.23,1.55
27.24,2.92
27.25,0.8
27.26,7.74
27.27,7.41
27.28,7.85
27.29,5.24
27.3,4.65
27.31,2.73
27.32,3.2
27.33,3.49
27.34,2.37
27.35,2.63
27.36,4.05
27.37,2.0
27.38,9.42
27.39,3.17
27.4,1.64
27.41,3.03
27.42,2.02
27.43,3.08
27.44,3.57
27.45,1.94
27.46,2.48
27.47,2.12
27.48,1.51
27.49,2.14
27.5,5.3
27.51,5.2
27.52,2.21
27.53,3.69
27.54,2.37
27.55,3.55
27.56,1.26
27.57,1.77
27.58,2.3
27.59,2.47
27.6,4.26
27.61,1.99
27.62,2.85
27.63,0.48
27.64,6.27
27.65,5.03
27.66,3.04
27.67,2.58
27.68,4.0
27.69,2.63
27.7,3.62
27.71,2.2
27.72,1.5
27.73,1.45
27.74,1.73
27.75,3.27
27.76,3.14
27.77,3.06
27.78,2.93
27.79,3.56
27.8,1.85
27.81,1.78
27.82,2.11
27.83,2.01
27.84,2.77
27.85,5.68
27.86,5.05
27.87,3.49
27.88,5.66
27.89,2.5
27.9,2.11
27.91,1.92
27.92,2.02
27.93,2.2
27.94,2.18
27.95,1.74
27.96,10.55
27.97,8.06
27.98,4.98
27.99,2.58
28.0,1.03
28.01,0.51
28.02,1.86
28.03,1.15
28.04,1.59
28.05,2.81
28.06,1.84
28.07,1.97
28.08,2.75
28.09,1.82
28.1,1.76
28.11,1.95
28.12,1.95
28.13,2.52
28.14,2.55
28.15,6.86
28.16,4.34
28.17,3.62
28.18,2.81
28.19,2.45
28.2,2.42
28.21,2.89
28.22,2.07
28.23,4.3
28.24,4.53
28.25,1.21
28.26,2.39
28.27,3.25
28.28,6.03
28.29,4.74
28.3,3.31
28.31,2.48
28.32,2.18
28.33,2.15
28.34,1.76
28.35,2.28
28.36,2.34
28.37,2.55
28.38,6.27
28.39,2.38
28.4,1.25
28.41,3.59
28.42,1.81
28.43,2.42
28.44,2.36
28.45,2.37
28.46,3.26
28.47,3.0
28.48,2.28
28.49,2.39
28.5,2.17
28.51,2.36
28.52,2.19
28.53,2.63
28.54,3.29
28.55,7.69
28.56,8.2
28.57,3.95
28.58,1.29
28.59,1.36
28.6,3.92
28.61,3.82
28.62,2.93
28.63,3.9
28.64,4.5
28.65,2.88
28.66,2.17
28.67,2.16
28.68,2.49
28.69,2.37
28.7,3.89
28.71,4.39
28.72,1.64
28.73,1.54
28.74,1.81
28.75,2.78
28.76,2.87
28.77,2.68
28.78,2.51
28.79,2.6
28.8,2.3
28.81,2.42
28.82,3.18
28.83,2.34
28.84,2.77
28.85,2.43
28.86,2.35
28.87,2.09
28.88,12.58
28.89,3.61
28.9,0.21
28.91,1.69
28.92,6.09
28.93,5.34
28.94,2.82
28.95,2.4
28.96,2.29
28.97,2.16
28.98,2.11
28.99,2.32
29.0,2.36
29.01,2.42
29.02,2.67
29.03,3.44
29.04,3.05
29.05,5.54
29.06,1.36
29.07,6.83
29.08,4.69
29.09,3.76
29.1,2.36
29.11,1.97
29.12,2.27
29.13,2.02
29.14,2.14
29.15,2.43
29.16,2.25
29.17,1.97
29.18,2.32
29.19,2.92
29.2,2.21
29.21,2.18
29.22,6.55
29.23,6.25
29.24,1.91
29.25,1.91
29.26,10.43
29.27,6.99
29.28,2.26
29.29,1.08
29.3,1.84
29.31,2.23
29.32,2.25
29.33,2.54
29.34,3.33
29.35,2.61
29.36,2.17
29.37,2.01
29.38,2.53
29.39,2.53
29.4,2.41
29.41,2.24
29.42,1.98
29.43,0.7
29.44,1.58
29.45,2.39
29.46,3.1
29.47,4.57
29.48,2.78
29.49,3.04
29.5,2.73
29.51,2.29
29.52,2.22
29.53,2.25
29.54,2.92
29.55,3.28
29.56,2.58
29.57,1.9
29.58,5.32
29.59,-0.58
29.6,5.54
29.61,4.45
29.62,4.18
29.63,2.36
29.64,2.69
29.65,3.12
29.66,3.36
29.67,1.94
29.68,2.25
29.69,2.77
29.7,2.4
29.71,1.96
29.72,2.27
29.73,2.15
29.74,3.42
29.75,3.29
29.76,3.16
29.77,1.64
29.78,2.02
29.79,2.04
29.8,2.23
29.81,2.46
29.82,2.51
29.83,1.96
29.84,2.0
29.85,1.81
29.86,4.61
29.87,5.64
29.88,4.71
29.89,6.92
29.9,3.15
29.91,1.62
29.92,1.92
29.93,3.03
29.94,5.72
29.95,10.26
29.96,2.85
29.97,2.14
29.98,3.7
29.99,2.7
30.0,3.12
30.01,2.56
30.02,2.75
30.03,4.29
30.04,2.45
30.05,2.3
30.06,2.46
30.07,2.66
30.08,2.42
30.09,2.49
30.1,2.39
30.11,2.57
30.12,2.43
30.13,2.49
30.14,1.9
30.15,4.26
30.16,2.18
30.17,2.47
30.18,3.65
30.19,1.74
30.2,3.4
30.21,2.21
30.22,1.74
30.23,2.11
30.24,2.31
30.25,2.61
30.26,2.85
30.27,3.39
30.28,1.89
30.29,5.2
30.3,5.81
30.31,2.06
30.32,1.05
30.33,5.9
30.34,5.65
30.35,2.35
30.36,1.1
30.37,1.2
30.38,1.06
30.39,1.79
30.4,2.8
30.41,2.71
30.42,2.11
30.43,2.05
30.44,1.88
30.45,2.02
30.46,2.68
30.47,6.21
30.48,4.8
30.49,3.02
30.5,2.25
30.51,3.25
30.52,-0.8
30.53,9.34
30.54,20.0
30.55,9.05
30.56,4.38
30.57,2.66
30.58,2.42
30.59,2.62
30.6,1.56
30.61,3.59
30.62,4.47
30.63,4.32
30.64,2.31
30.65,10.29
30.66,7.17
30.67,3.25
30.68,4.18
30.69,1.76
30.7,2.1
30.71,5.71
30.72,7.61
30.73,8.73
30.74,8.31
30.75,6.61
30.76,3.11
30.77,4.52
30.78,5.33
30.79,3.75
30.8,2.47
30.81,2.65
30.82,2.51
30.83,2.72
30.84,3.68
30.85,3.0
30.86,0.98
30.87,0.88
30.88,1.12
30.89,1.95
30.9,2.37
30.91,2.35
30.92,2.01
30.93,3.26
30.94,2.06
30.95,2.19
30.96,2.05
30.97,9.28
30.98,8.95
30.99,10.57
31.0,10.8
31.01,6.34
31.02,3.64
31.03,1.91
31.04,1.74
31.05,2.98
31.06,3.06
31.07,2.7
31.08,2.77
31.09,2.76
31.1,2.36
31.11,2.23
31.12,1.92
31.13,2.3
31.14,1.98
31.15,2.35
31.16,2.05
31.17,3.4
31.18,3.63
31.19,2.39
31.2,2.2
31.21,4.09
31.22,1.38
31.23,1.73
31.24,1.81
31.25,3.29
31.26,1.48
31.27,1.51
31.28,4.78
31.29,7.33
31.3,5.77
31.31,3.94
31.32,3.06
31.33,3.44
31.34,4.16
31.35,2.02
31.36,3.84
31.37,4.01
31.38,2.95
31.39,2.79
31.4,2.14
31.41,6.97
31.42,5.4
31.43,3.52
31.44,2.7
31.45,1.3
31.46,2.81
31.47,2.15
31.48,2.22
31.49,1.71
31.5,3.65
31.51,6.54
31.52,3.72
31.53,1.23
31.54,2.85
31.55,2.76
31.56,0.75
31.57,4.08
31.58,2.64
31.59,1.69
31.6,1.19
31.61,7.81
31.62,6.14
31.63,4.49
31.64,3.63
31.65,3.46
31.66,3.29
31.67,3.01
31.68,2.85
31.69,3.32
31.7,3.25
31.71,3.38
31.72,1.42
31.73,7.27
31.74,5.99
31.75,3.13
31.76,2.21
31.77,1.87
31.78,2.41
31.79,2.39
31.8,2.44
31.81,2.85
31.82,2.76
31.83,2.48
31.84,1.83
31.85,1.49
31.86,1.42
31.87,2.28
31.88,3.09
31.89,5.22
31.9,2.94
31.91,0.79
31.92,3.09
31.93,9.81
31.94,5.07
31.95,4.59
31.96,3.03
31.97,2.49
31.98,2.43
31.99,2.01
32.0,1.93
32.01,8.0
32.02,2.2
32.03,1.76
32.04,4.71
32.05,4.82
32.06,4.18
32.07,2.14
32.08,1.99
32.09,3.31
32.1,4.29
32.11,3.11
32.12,3.03
32.13,2.88
32.14,2.44
32.15,2.57
32.16,2.5
32.17,3.53
32.18,1.81
32.19,1.71
32.2,5.02
32.21,3.26
32.22,1.0
32.23,2.32
32.24,6.53
32.25,4.98
32.26,3.51
32.27,3.2
32.28,2.89
32.29,2.22
32.3,2.67
32.31,2.41
32.32,3.24
32.33,0.23
32.34,0.34
32.35,1.35
32.36,2.28
32.37,2.43
32.38,2.5
32.39,2.99
32.4,3.15
32.41,2.58
32.42,2.76
32.43,2.59
32.44,2.45
32.45,3.9
32.46,3.82
32.47,4.65
32.48,2.6
32.49,3.69
32.5,3.81
32.51,2.95
32.52,6.12
32.53,1.29
32.54,2.79
32.55,1.92
32.56,2.05
32.57,1.88
32.58,10.02
32.59,7.83
32.6,4.34
32.61,3.02
32.62,2.42
32.63,2.91
32.64,4.45
32.65,3.76
32.66,2.08
32.67,2.13
32.68,1.83
32.69,3.51
32.7,3.38
32.71,3.4
32.72,2.92
32.73,3.05
32.74,3.37
32.75,4.18
32.76,2.44
32.77,4.57
32.78,2.75
32.79,4.7
32.8,2.37
32.81,1.28
32.82,1.95
32.83,2.32
32.84,2.39
32.85,1.96
32.86,2.66
32.87,2.61
32.88,6.74
32.89,3.27
32.9,2.03
32.91,3.29
32.92,3.4
32.93,4.05
32.94,2.67
32.95,2.85
32.96,4.09
32.97,2.57
32.98,3.98
32.99,6.37
33.0,6.43
33.01,4.35
33.02,3.55
33.03,2.12
33.04,2.86
33.05,2.69
33.06,2.72
33.07,4.05
33.08,2.56
33.09,2.53
33.1,2.01
33.11,1.93
33.12,1.14
33.13,9.15
33.14,4.64
33.15,1.84
33.16,3.24
33.17,2.37
33.18,2.83
33.19,3.42
33.2,2.89
33.21,3.19
33.22,3.38
33.23,3.73
33.24,3.04
33.25,2.3
33.26,2.76
33.27,2.3
33.28,2.9
33.29,1.34
33.3,0.65
33.31,4.65
33.32,7.62
33.33,6.38
33.34,3.05
33.35,1.52
33.36,5.78
33.37,4.05
33.38,2.64
33.39,2.56
33.4,3.79
33.41,3.57
33.42,2.72
33.43,2.67
33.44,3.22
33.45,2.88
33.46,2.69
33.47,1.93
33.48,2.5
33.49,0.97
33.5,5.17
33.51,4.34
33.52,2.88
33.53,2.89
33.54,2.49
33.55,3.64
33.56,2.96
33.57,2.46
33.58,2.89
33.59,2.48
33.6,3.19
33.61,2.69
33.62,2.58
33.63,2.77
33.64,2.64
33.65,2.4
33.66,1.13
33.67,0.02
33.68,4.53
33.69,4.91
33.7,2.81
33.71,3.37
33.72,12.5
33.73,9.0
33.74,10.78
33.75,6.65
33.76,4.56
33.77,4.2
33.78,2.79
33.79,2.54
33.8,2.6
33.81,1.81
33.82,2.37
33.83,2.52
33.84,1.37
33.85,2.21
33.86,0.65
33.87,3.79
33.88,3.16
33.89,1.47
33.9,9.62
33.91,11.0
33.92,7.77
33.93,4.97
33.94,3.59
33.95,1.75
33.96,1.62
33.97,1.8
33.98,3.35
33.99,2.87
34.0,2.06
34.01,2.49
34.02,2.66
34.03,1.42
34.04,1.2
34.05,-0.38
34.06,4.99
34.07,-0.52
34.08,0.12
34.09,12.02
34.1,10.79
34.11,6.96
34.12,4.15
34.13,3.44
34.14,2.42
34.15,2.78
34.16,2.48
34.17,4.33
34.18,4.22
34.19,3.17
34.2,2.32
34.21,2.59
34.22,3.17
34.23,1.54
34.24,2.22
34.25,2.22
34.26,0.12
34.27,2.96
34.28,10.17
34.29,6.5
34.3,5.41
34.31,2.08
34.32,2.51
34.33,2.1
34.34,2.57
34.35,3.89
34.36,2.6
34.37,2.44
34.38,2.04
34.39,1.58
34.4,1.99
34.41,0.83
34.42,1.6
34.43,0.24
34.44,2.09
34.45,1.97
34.46,10.24
34.47,5.77
34.48,3.31
34.49,4.41
34.5,1.81
34.51,2.18
34.52,4.61
34.53,4.67
34.54,3.84
34.55,1.87
34.56,4.2
34.57,3.38
34.58,0.03
34.59,-0.27
34.6,8.95
34.61,8.62
34.62,5.47
34.63,4.11
34.64,1.6
34.65,2.18
34.66,2.48
34.67,2.6
34.68,2.47
34.69,2.41
34.7,2.51
34.71,1.96
34.72,1.94
34.73,0.04
34.74,1.41
34.75,-0.73
34.76,2.46
34.77,13.28
34.78,7.2
34.79,3.87
34.8,3.61
34.81,1.74
34.82,2.61
34.83,2.45
34.84,2.61
34.85,2.86
34.86,4.18
34.87,2.01
34.88,1.99
34.89,2.08
34.9,1.97
34.91,2.05
34.92,1.56
34.93,-0.22
34.94,10.48
34.95,8.47
34.96,4.3
34.97,3.02
34.98,3.9
34.99,2.09
35.0,2.1
35.01,3.08
35.02,2.08
35.03,1.97
35.04,2.09
35.05,1.61
35.06,2.02
35.07,3.4
35.08,1.39
35.09,-0.55
35.1,8.08
35.11,10.04
35.12,7.99
35.13,4.34
35.14,3.9
35.15,2.48
35.16,2.05
35.17,2.28
35.18,2.47
35.19,2.29
35.2,2.21
35.21,2.11
35.22,2.17
35.23,3.25
35.24,1.2
35.25,0.26
35.26,6.06
35.27,5.39
35.28,3.3
35.29,2.81
35.3,5.9
35.31,7.13
35.32,5.07
35.33,1.4
35.34,1.86
35.35,1.92
35.36,3.19
35.37,2.73
35.38,1.14
35.39,2.79
35.4,-0.17
35.41,0.01
35.42,5.57
35.43,6.02
35.44,5.46
35.45,3.7
35.46,3.62
35.47,2.96
35.48,2.87
35.49,3.72
35.5,4.46
35.51,2.1
35.52,1.69
35.53,1.47
35.54,2.53
35.55,1.65
35.56,1.2
35.57,18.8
35.58,24.25
35.59,12.75
35.6,9.35
35.61,15.15
35.62,8.64
35.63,5.65
35.64,3.19
35.65,1.75
35.66,1.72
35.67,1.64
35.68,1.27
35.69,1.61
35.7,2.36
35.71,2.11
35.72,1.13
35.73,0.73
35.74,1.17
35.75,1.06
35.76,2.35
35.77,5.36
35.78,3.4
35.79,4.7
35.8,0.01
35.81,-0.35
35.82,7.77
35.83,9.34
35.84,6.44
35.85,3.13
35.86,2.69
35.87,2.19
35.88,2.24
35.89,2.9
35.9,4.9
35.91,1.98
35.92,3.07
35.93,2.5
35.94,2.9
35.95,1.54
35.96,-0.83
35.97,0.24
35.98,6.36
35.99,6.02
36.0,3.63
36.01,2.66
36.02,2.02
36.03,2.05
36.04,2.39
36.05,2.45
36.06,2.45
36.07,3.53
36.08,4.6
36.09,2.74
36.1,0.51
36.11,0.2
36.12,-0.52
36.13,0.24
36.14,5.26
36.15,5.69
36.16,5.74
36.17,4.14
36.18,5.83
36.19,5.21
36.2,3.88
36.21,4.14
36.22,5.97
36.23,3.16
36.24,2.39
36.25,2.28
36.26,0.6
36.27,-0.17
36.28,-0.35
36.29,9.08
36.3,10.15
36.31,5.15
36.32,3.22
36.33,2.96
36.34,2.54
36.35,2.15
36.36,2.39
36.37,2.36
36.38,2.16
36.39,6.58
36.4,1.55
36.41,1.39
36.42,0.12
36.43,1.76
36.44,-0.2
36.45,-0.25
36.46,4.14
36.47,13.58
36.48,5.94
36.49,8.35
36.5,4.42
36.51,2.61
36.52,2.11
36.53,2.54
36.54,3.19
36.55,6.55
36.56,3.41
36.57,2.27
36.58,1.13
36.59,1.42
36.6,1.55
36.61,2.25
36.62,3.35
36.63,2.01
36.64,2.4
36.65,1.99
36.66,2.0
36.67,2.21
36.68,2.4
36.69,2.54
36.7,2.37
36.71,3.78
36.72,2.26
36.73,1.55
36.74,2.02
36.75,1.78
36.76,1.27
36.77,6.25
36.78,9.85
36.79,7.92
36.8,5.12
36.81,2.88
36.82,2.6
36.83,2.96
36.84,2.13
36.85,2.25
36.86,2.18
36.87,2.27
36.88,2.09
36.89,2.09
36.9,0.99
36.91,2.0
36.92,2.63
36.93,2.67
36.94,3.68
36.95,5.57
36.96,3.01
36.97,2.59
36.98,2.46
36.99,2.6
37.0,2.43
37.01,2.18
37.02,2.15
37.03,2.21
37.04,1.85
37.05,2.02
37.06,2.51
37.07,3.95
37.08,2.05
37.09,1.21
37.1,5.47
37.11,7.08
37.12,5.1
37.13,2.5
37.14,2.58
37.15,2.46
37.16,2.23
37.17,2.07
37.18,2.17
37.19,2.13
37.2,2.02
37.21,2.12
37.22,2.42
37.23,2.32
37.24,2.56
37.25,2.5
37.26,2.47
37.27,2.52
37.28,2.31
37.29,2.75
37.3,2.43
37.31,4.37
37.32,3.84
37.33,3.27
37.34,2.83
37.35,2.51
37.36,2.18
37.37,2.34
37.38,7.24
37.39,4.21
37.4,0.09
37.41,0.56
37.42,11.13
37.43,6.92
37.44,3.6
37.45,2.75
37.46,2.63
37.47,2.86
37.48,2.48
37.49,2.11
37.5,1.9
37.51,2.03
37.52,2.39
37.53,2.72
37.54,3.62
37.55,3.41
37.56,3.44
37.57,3.09
37.58,1.28
37.59,1.46
37.6,2.06
37.61,3.44
37.62,2.36
37.63,3.21
37.64,3.31
37.65,2.84
37.66,1.98
37.67,3.84
37.68,3.82
37.69,2.8
37.7,3.69
37.71,2.56
37.72,0.32
37.73,10.49
37.74,8.32
37.75,5.38
37.76,4.38
37.77,3.43
37.78,3.18
37.79,2.92
37.8,2.7
37.81,2.63
37.82,2.62
37.83,1.94
37.84,2.47
37.85,2.33
37.86,2.24
37.87,1.94
37.88,2.53
37.89,0.64
37.9,1.33
37.91,1.89
37.92,2.91
37.93,2.89
37.94,2.46
37.95,2.63
37.96,2.57
37.97,2.59
37.98,2.28
37.99,2.41
38.0,2.65
38.01,2.8
38.02,1.49
38.03,0.79
38.04,8.66
38.05,9.25
38.06,7.2
38.07,4.89
38.08,2.74
38.09,2.24
38.1,2.29
38.11,1.92
38.12,2.12
38.13,2.19
38.14,2.0
38.15,2.16
38.16,2.31
38.17,2.78
38.18,2.86
38.19,2.53
38.2,4.43
38.21,4.09
38.22,2.08
38.23,2.17
38.24,2.3
38.25,2.27
38.26,2.36
38.27,2.45
38.28,2.18
38.29,2.94
38.3,2.3
38.31,3.08
38.32,2.66
38.33,2.77
38.34,2.41
38.35,2.71
38.36,2.65
38.37,2.83
38.38,2.54
38.39,4.12
38.4,2.72
38.41,2.22
38.42,2.59
38.43,1.33
38.44,0.99
38.45,0.03
38.46,6.04
38.47,12.69
38.48,2.93
38.49,2.97
38.5,2.83
38.51,2.51
38.52,2.31
38.53,2.21
38.54,2.65
38.55,4.73
38.56,4.44
38.57,3.24
38.58,2.73
38.59,3.41
38.6,3.1
38.61,2.95
38.62,2.66
38.63,3.86
38.64,1.88
38.65,1.2
38.66,2.0
38.67,1.93
38.68,1.99
38.69,2.54
38.7,2.47
38.71,1.93
38.72,2.27
38.73,2.23
38.74,2.21
38.75,2.04
38.76,0.93
38.77,4.67
38.78,8.83
38.79,9.59
38.8,2.64
38.81,2.61
38.82,2.81
38.83,2.95
38.84,2.95
38.85,2.7
38.86,2.61
38.87,3.5
38.88,3.27
38.89,2.45
38.9,2.68
38.91,3.45
38.92,4.67
38.93,4.52
38.94,3.72
38.95,2.54
38.96,2.38
38.97,2.42
38.98,1.43
38.99,1.32
39.0,1.93
39.01,2.24
39.02,2.67
39.03,2.46
39.04,1.92
39.05,2.29
39.06,2.4
39.07,1.95
39.08,1.74
39.09,0.83
39.1,1.68
39.11,4.27
39.12,6.01
39.13,3.91
39.14,1.88
39.15,1.75
39.16,4.13
39.17,1.49
39.18,1.58
39.19,2.2
39.2,2.73
39.21,2.35
39.22,2.32
39.23,2.28
39.24,2.45
39.25,2.52
39.26,2.36
39.27,2.62
39.28,5.17
39.29,4.83
39.3,3.09
39.31,1.91
39.32,1.78
39.33,1.5
39.34,1.87
39.35,1.84
39.36,2.59
39.37,2.13
39.38,2.47
39.39,1.47
39.4,5.02
39.41,8.78
39.42,8.14
39.43,5.26
39.44,4.3
39.45,2.48
39.46,4.17
39.47,1.26
39.48,2.06
39.49,2.23
39.5,2.5
39.51,2.94
39.52,1.79
39.53,2.16
39.54,1.59
39.55,1.93
39.56,2.23
39.57,2.72
39.58,2.51
39.59,2.73
39.6,2.45
39.61,2.8
39.62,4.24
39.63,3.23
39.64,4.23
39.65,2.37
39.66,1.92
39.67,1.53
39.68,1.95
39.69,2.63
39.7,3.16
39.71,4.25
39.72,2.14
39.73,0.72
39.74,-0.62
39.75,13.92
39.76,7.17
39.77,4.5
39.78,3.36
39.79,2.77
39.8,4.01
39.81,3.87
39.82,1.46
39.83,2.26
39.84,2.17
39.85,2.62
39.86,1.56
39.87,2.42
39.88,2.59
39.89,2.06
39.9,2.11
39.91,2.33
39.92,2.6
39.93,3.23
39.94,2.54
39.95,2.33
39.96,2.12
39.97,2.23
39.98,2.21
39.99,2.69
40.0,1.13
40.01,2.7
40.02,2.58
40.03,2.37
40.04,2.51
40.05,1.9
40.06,1.53
40.07,3.42
40.08,9.66
40.09,7.5
40.1,3.58
40.11,3.83
40.12,2.76
40.13,2.43
40.14,2.48
40.15,3.84
40.16,2.43
40.17,2.24
40.18,2.79
40.19,1.57
40.2,1.65
40.21,2.06
40.22,1.72
40.23,2.2
40.24,2.33
40.25,2.4
40.26,2.46
40.27,2.43
40.28,2.17
40.29,2.4
40.3,2.35
40.31,3.43
40.32,1.69
40.33,2.71
40.34,2.89
40.35,2.11
40.36,1.92
40.37,1.08
40.38,0.01
40.39,6.73
40.4,12.62
40.41,5.88
40.42,3.31
40.43,1.84
40.44,3.14
40.45,4.19
40.46,2.96
40.47,2.59
40.48,6.88
40.49,0.8
40.5,1.72
40.51,1.88
40.52,2.3
40.53,2.99
40.54,2.23
40.55,2.19
40.56,2.16
40.57,2.02
40.58,1.86
40.59,1.91
40.6,2.29
40.61,2.28
40.62,3.59
40.63,3.14
40.64,2.32
40.65,2.26
40.66,3.23
40.67,2.53
40.68,0.47
40.69,0.52
40.7,3.04
40.71,7.8
40.72,108.14
40.73,2.52
40.74,2.07
40.75,1.51
40.76,1.17
40.77,1.29
40.78,4.76
40.79,2.45
40.8,3.46
40.81,2.61
40.82,1.09
40.83,1.22
40.84,1.27
40.85,2.09
40.86,2.31
40.87,2.73
40.88,2.72
40.89,2.35
40.9,2.34
40.91,1.87
40.92,4.05
40.93,2.16
40.94,1.99
40.95,2.53
40.96,2.2
40.97,2.74
40.98,2.07
40.99,3.14
41.0,2.38
41.01,6.15
41.02,6.13
41.03,1.07
41.04,2.69
41.05,1.9
41.06,1.61
41.07,1.58
41.08,-0.42
41.09,6.01
41.1,12.31
41.11,7.61
41.12,6.23
41.13,6.64
41.14,4.65
41.15,3.49
41.16,2.61
41.17,2.16
41.18,2.03
41.19,2.05
41.2,2.17
41.21,2.54
41.22,2.74
41.23,2.78
41.24,4.33
41.25,3.71
41.26,2.77
41.27,4.61
41.28,3.33
41.29,3.25
41.3,2.29
41.31,2.28
41.32,2.11
41.33,2.12
41.34,1.98
41.35,2.32
41.36,122.4
41.37,1.79
41.38,1.75
41.39,1.91
41.4,0.68
41.41,0.34
41.42,-0.62
41.43,1.91
41.44,7.81
41.45,3.53
41.46,2.04
41.47,1.48
41.48,1.35
41.49,1.42
41.5,3.79
41.51,1.83
41.52,1.77
41.53,1.87
41.54,2.08
41.55,2.11
41.56,11.02
41.57,3.14
41.58,2.32
41.59,1.66
41.6,1.49
41.61,2.69
41.62,0.97
41.63,1.13
41.64,1.22
41.65,1.16
41.66,1.21
41.67,1.12
41.68,1.2
41.69,1.14
41.7,2.7
41.71,3.17
41.72,3.71
41.73,1.18
41.74,0.22
41.75,6.83
41.76,7.2
41.77,3.84
41.78,3.01
41.79,5.53
41.8,2.02
41.81,2.04
41.82,2.07
41.83,2.62
41.84,2.5
41.85,2.59
41.86,3.62
41.87,4.38
41.88,4.2
41.89,2.69
41.9,1.6
41.91,1.81
41.92,2.11
41.93,2.84
41.94,2.55
41.95,2.28
41.96,1.98
41.97,1.92
41.98,2.24
41.99,2.15
42.0,3.96
42.01,2.25
42.02,2.24
42.03,2.26
42.04,1.53
42.05,1.57
42.06,1.82
42.07,6.24
42.08,8.49
42.09,4.6
42.1,3.16
42.11,3.15
42.12,1.77
42.13,1.94
42.14,2.06
42.15,2.3
42.16,2.58
42.17,2.35
42.18,2.21
42.19,2.24
42.2,2.32
42.21,2.45
42.22,4.49
42.23,5.85
42.24,4.86
42.25,3.14
42.26,1.29
42.27,1.57
42.28,1.77
42.29,2.99
42.3,2.01
42.31,2.36
42.32,2.38
42.33,2.1
42.34,1.92
42.35,2.05
42.36,1.75
42.37,1.95
42.38,4.36
42.39,7.44
42.4,7.26
42.41,3.2
42.42,3.51
42.43,2.57
42.44,2.3
42.45,3.17
42.46,2.94
42.47,2.54
42.48,2.15
42.49,1.97
42.5,2.62
42.51,1.87
42.52,2.23
42.53,2.41
42.54,2.53
42.55,2.32
42.56,1.16
42.57,0.88
42.58,1.63
42.59,1.87
42.6,2.17
42.61,3.07
42.62,5.09
42.63,4.05
42.64,2.47
42.65,2.02
42.66,2.77
42.67,2.38
42.68,1.47
42.69,0.57
42.7,6.96
42.71,11.01
42.72,5.68
42.73,3.29
42.74,2.57
42.75,2.64
42.76,1.54
42.77,2.21
42.78,2.72
42.79,1.81
42.8,1.56
42.81,1.61
42.82,2.28
42.83,2.51
42.84,2.31
42.85,2.24
42.86,1.64
42.87,2.13
42.88,2.81
42.89,1.55
42.9,2.06
42.91,2.87
42.92,2.51
42.93,2.38
42.94,2.12
42.95,2.76
42.96,2.25
42.97,2.17
42.98,2.16
42.99,2.86
43.0,1.16
43.01,0.02
43.02,3.03
43.03,12.06
43.04,8.76
43.05,6.19
43.06,2.67
43.07,2.49
43.08,2.29
43.09,2.17
43.1,2.77
43.11,1.77
43.12,1.86
43.13,1.98
43.14,2.22
43.15,2.57
43.16,2.48
43.17,2.4
43.18,2.3
43.19,2.19
43.2,2.24
43.21,2.44
43.22,2.04
43.23,5.28
43.24,3.91
43.25,2.02
43.26,1.44
43.27,1.9
43.28,2.47
43.29,1.81
43.3,2.13
43.31,2.4
43.32,1.17
43.33,0.23
43.34,0.87
43.35,9.27
43.36,5.66
43.37,4.38
43.38,3.75
43.39,3.57
43.4,2.59
43.41,1.98
43.42,4.02
43.43,2.83
43.44,2.51
43.45,2.54
43.46,2.74
43.47,2.23
43.48,2.08
43.49,3.02
43.5,2.09
43.51,2.06
43.52,3.49
43.53,2.76
43.54,2.43
43.55,9.12
43.56,0.74
43.57,1.49
43.58,1.97
43.59,2.16
43.6,4.14
43.61,1.46
43.62,2.78
43.63,2.15
43.64,2.75
43.65,2.28
43.66,1.44
43.67,1.28
43.68,-0.16
43.69,6.83
43.7,4.31
43.71,10.37
43.72,7.49
43.73,4.57
43.74,3.55
43.75,4.86
43.76,3.6
43.77,3.98
43.78,4.73
43.79,3.02
43.8,1.91
43.81,4.86
43.82,3.41
43.83,2.43
43.84,4.79
43.85,2.97
43.86,2.69
43.87,1.67
43.88,2.11
43.89,2.51
43.9,2.82
43.91,2.1
43.92,2.13
43.93,2.17
43.94,2.27
43.95,2.37
43.96,2.8
43.97,1.84
43.98,1.95
43.99,1.99
44.0,1.88
44.01,1.9
44.02,2.16
44.03,2.35
44.04,1.69
44.05,0.07
44.06,1.59
44.07,9.78
44.08,4.9
44.09,2.94
44.1,2.74
44.11,2.69
44.12,2.51
44.13,5.82
44.14,1.63
44.15,2.53
44.16,2.37
44.17,3.37
44.18,120.0
44.19,2.97
44.2,1.58
44.21,1.44
44.22,1.02
44.23,1.09
44.24,1.32
44.25,1.28
44.26,1.17
44.27,1.19
44.28,2.69
44.29,0.79
44.3,3.05
44.31,3.41
44.32,2.97
44.33,1.83
44.34,2.3
44.35,0.91
44.36,1.98
44.37,2.45
44.38,5.41
44.39,6.72
44.4,6.86
44.41,3.64
44.42,3.38
44.43,2.55
44.44,2.09
44.45,2.49
44.46,4.28
44.47,3.5
44.48,1.55
44.49,2.07
44.5,2.67
44.51,2.44
44.52,2.27
44.53,1.94
44.54,3.73
44.55,2.75
44.56,2.15
44.57,2.04
44.58,2.67
44.59,4.21
44.6,3.98
44.61,2.18
44.62,2.64
44.63,2.16
44.64,3.01
44.65,2.76
44.66,2.07
44.67,0.91
44.68,1.73
44.69,2.53
44.7,1.8
44.71,0.68
44.72,6.07
44.73,11.15
44.74,7.26
44.75,4.03
44.76,2.65
44.77,2.56
44.78,2.82
44.79,2.5
44.8,2.54
44.81,2.43
44.82,5.21
44.83,2.91
44.84,3.04
44.85,2.68
44.86,2.0
44.87,2.06
44.88,2.44
44.89,2.0
44.9,1.64
44.91,1.57
44.92,2.01
44.93,2.04
44.94,1.7
44.95,5.25
44.96,3.28
44.97,4.34
44.98,3.57
44.99,2.01
45.0,2.11
45.01,1.58
45.02,1.02
45.03,2.29
45.04,13.67
45.05,5.74
45.06,3.08
45.07,30.13
45.08,1.99
45.09,1.36
45.1,1.05
45.11,1.14
45.12,1.16
45.13,1.24
45.14,7.83
45.15,0.31
45.16,1.02
45.17,1.43
45.18,1.37
45.19,5.41
45.2,4.57
45.21,3.41
45.22,2.32
45.23,2.2
45.24,2.41
45.25,2.42
45.26,2.43
45.27,2.52
45.28,2.28
45.29,1.91
45.3,3.03
45.31,2.0
45.32,3.11
45.33,2.1
45.34,1.45
45.35,3.26
45.36,14.28
45.37,10.1
45.38,7.67
45.39,4.35
45.4,3.28
45.41,3.08
45.42,2.69
45.43,4.2
45.44,3.82
45.45,2.46
45.46,2.91
45.47,2.45
45.48,2.78
45.49,2.68
45.5,1.7
45.51,1.79
45.52,2.44
45.53,2.15
45.54,2.03
45.55,2.68
45.56,2.47
45.57,2.23
45.58,1.93
45.59,2.55
45.6,2.0
45.61,2.79
45.62,1.91
45.63,1.8
45.64,1.91
45.65,2.14
45.66,2.43
45.67,9.08
45.68,2.55
45.69,0.25
45.7,6.9
45.71,9.96
45.72,6.03
45.73,3.09
45.74,2.47
45.75,3.39
45.76,2.93
45.77,2.45
45.78,2.21
45.79,1.9
45.8,1.75
45.81,2.61
45.82,3.11
45.83,2.61
45.84,2.53
45.85,2.32
45.86,3.95
45.87,1.71
45.88,1.31
45.89,1.68
45.9,3.13
45.91,118.8
45.92,1.71
45.93,1.34
45.94,1.09
45.95,1.16
45.96,4.58
45.97,2.48
45.98,1.73
45.99,1.56
46.0,-0.26
46.01,1.15
46.02,7.46
46.03,3.81
46.04,2.63
46.05,2.23
46.06,2.09
46.07,2.55
46.08,2.41
46.09,2.36
46.1,2.18
46.11,2.72
46.12,2.08
46.13,2.31
46.14,2.05
46.15,2.41
46.16,3.83
46.17,8.57
46.18,1.76
46.19,1.2
46.2,2.36
46.21,2.37
46.22,2.3
46.23,2.67
46.24,2.05
46.25,2.26
46.26,2.13
46.27,1.81
46.28,2.41
46.29,2.66
46.3,2.16
46.31,2.34
46.32,1.93
46.33,2.06
46.34,1.68
46.35,0.44
46.36,3.32
46.37,6.5
46.38,13.03
46.39,7.75
46.4,6.78
46.41,4.52
46.42,2.35
46.43,5.77
46.44,5.44
46.45,3.83
46.46,3.2
46.47,3.25
46.48,2.01
46.49,2.2
46.5,2.31
46.51,2.31
46.52,2.74
46.53,2.16
46.54,4.21
46.55,2.64
46.56,3.31
46.57,2.63
46.58,2.16
46.59,2.45
46.6,4.52
46.61,2.72
46.62,1.43
46.63,2.19
46.64,2.19
46.65,2.26
46.66,2.6
46.67,2.13
46.68,2.29
46.69,2.58
46.7,2.12
46.71,2.32
46.72,2.65
46.73,2.11
46.74,2.35
46.75,4.12
46.76,1.53
46.77,2.24
46.78,1.65
46.79,1.21
46.8,0.29
46.81,5.27
46.82,16.59
46.83,2.83
46.84,2.0
46.85,2.51
46.86,3.27
46.87,3.17
46.88,2.7
46.89,2.18
46.9,2.15
46.91,2.0
46.92,1.77
46.93,3.42
46.94,4.29
46.95,3.68
46.96,3.04
46.97,3.59
46.98,2.84
46.99,3.26
47.0,2.86
47.01,1.25
47.02,1.96
47.03,1.91
47.04,3.86
47.05,1.6
47.06,1.73
47.07,1.94
47.08,2.54
47.09,1.98
47.1,1.24
47.11,1.43
47.12,2.47
47.13,6.52
47.14,9.87
47.15,6.16
47.16,2.93
47.17,2.7
47.18,3.5
47.19,2.64
47.2,2.64
47.21,2.4
47.22,2.38
47.23,2.5
47.24,2.35
47.25,2.28
47.26,2.29
47.27,1.65
47.28,1.8
47.29,2.13
47.3,2.55
47.31,2.92
47.32,4.84
47.33,1.02
47.34,1.32
47.35,2.11
47.36,2.33
47.37,2.55
47.38,2.29
47.39,1.92
47.4,1.98
47.41,2.06
47.42,2.22
47.43,1.66
47.44,1.34
47.45,2.97
47.46,13.6
47.47,9.04
47.48,4.66
47.49,5.52
47.5,2.42
47.51,3.35
47.52,2.17
47.53,1.17
47.54,1.59
47.55,2.19
47.56,3.78
47.57,2.01
47.58,2.08
47.59,2.25
47.6,1.95
47.61,2.04
47.62,2.67
47.63,2.14
47.64,2.47
47.65,2.1
47.66,3.98
47.67,1.31
47.68,1.64
47.69,1.65
47.7,2.42
47.71,2.15
47.72,1.9
47.73,2.4
47.74,5.72
47.75,4.35
47.76,2.59
47.77,2.56
47.78,1.41
47.79,0.91
47.8,4.01
47.81,8.89
47.82,6.87
47.83,4.97
47.84,3.12
47.85,2.42
47.86,7.19
47.87,0.96
47.88,1.9
47.89,1.93
47.9,1.84
47.91,2.42
47.92,1.54
47.93,2.0
47.94,1.76
47.95,2.17
47.96,2.32
47.97,2.55
47.98,2.6
47.99,3.03
48.0,2.86
48.01,3.37
48.02,1.94
48.03,4.0
48.04,2.58
48.05,0.78
48.06,1.55
48.07,3.03
48.08,4.2
48.09,1.4
48.1,0.72
48.11,2.88
48.12,16.19
48.13,9.13
48.14,4.59
48.15,3.22
48.16,3.02
48.17,4.58
48.18,1.6
48.19,2.04
48.2,2.04
48.21,2.15
48.22,2.15
48.23,2.98
48.24,2.16
48.25,2.97
48.26,2.43
48.27,2.4
48.28,1.93
48.29,2.64
48.3,2.14
48.31,2.4
48.32,2.24
48.33,1.9
48.34,1.92
48.35,2.34
48.36,2.47
48.37,2.24
48.38,1.85
48.39,8.67
48.4,1.3
48.41,1.92
48.42,2.45
48.43,2.39
48.44,2.1
48.45,3.84
48.46,2.27
48.47,1.14
48.48,0.71
48.49,1.87
48.5,7.06
48.51,10.75
48.52,6.54
48.53,4.16
48.54,5.76
48.55,4.65
48.56,3.63
48.57,2.53
48.58,2.85
48.59,3.61
48.6,1.71
48.61,4.46
48.62,3.43
48.63,2.76
48.64,1.67
48.65,2.05
48.66,2.34
48.67,2.5
48.68,2.5
48.69,2.03
48.7,2.3
48.71,2.13
48.72,2.55
48.73,2.64
48.74,2.27
48.75,2.83
48.76,3.09
48.77,2.32
48.78,2.52
48.79,3.49
48.8,1.86
48.81,1.57
48.82,1.98
48.83,2.3
48.84,2.0
48.85,2.49
48.86,1.43
48.87,1.11
48.88,0.46
48.89,2.07
48.9,10.68
48.91,6.74
48.92,4.33
48.93,4.88
48.94,2.35
48.95,2.27
48.96,2.31
48.97,2.4
48.98,2.27
48.99,2.45
49.0,5.06
49.01,2.31
49.02,3.12
49.03,3.37
49.04,2.41
49.05,2.19
49.06,3.25
49.07,1.55
49.08,1.99
49.09,2.29
49.1,2.17
49.11,3.14
49.12,2.21
49.13,2.15
49.14,1.88
49.15,2.55
49.16,2.4
49.17,4.38
49.18,1.85
49.19,1.81
49.2,1.64
49.21,1.24
49.22,0.43
49.23,2.23
49.24,6.75
49.25,4.44
49.26,3.01
49.27,2.71
49.28,2.29
49.29,2.23
49.3,2.3
49.31,2.52
49.32,2.42
49.33,2.72
49.34,2.22
49.35,2.76
49.36,3.35
49.37,3.38
49.38,1.82
49.39,1.83
49.4,2.29
49.41,2.39
49.42,2.29
49.43,2.6
49.44,2.86
49.45,6.57
49.46,4.16
49.47,4.25
49.48,2.72
49.49,3.17
49.5,2.27
49.51,2.22
49.52,1.76
49.53,3.51
49.54,1.47
49.55,1.58
49.56,2.15
49.57,2.22
49.58,2.0
49.59,2.15
49.6,1.31
49.61,0.97
49.62,1.28
49.63,1.07
49.64,0.49
49.65,1.69
49.66,8.34
49.67,6.83
49.68,3.56
49.69,2.99
49.7,2.07
49.71,1.4
49.72,2.02
49.73,2.16
49.74,1.92
49.75,2.36
49.76,2.04
49.77,2.29
49.78,2.07
49.79,1.51
49.8,2.98
49.81,2.98
49.82,2.39
49.83,1.5
49.84,1.67
49.85,1.94
49.86,2.08
49.87,1.57
49.88,1.97
49.89,3.8
49.9,2.7
49.91,1.88
49.92,2.29
49.93,1.94
49.94,1.99
49.95,2.01
49.96,2.43
49.97,4.11
49.98,2.41
49.99,1.9
50.0,1.37
50.01,0.55
50.02,6.44
50.03,8.81
50.04,7.21
50.05,3.84
50.06,3.75
50.07,1.95
50.08,2.92
50.09,2.41
50.1,2.23
50.11,2.84
50.12,2.88
50.13,2.65
50.14,2.2
50.15,2.77
50.16,2.48
50.17,6.87
50.18,2.84
50.19,1.86
50.2,1.51
50.21,2.25
50.22,3.06
50.23,2.43
50.24,2.08
50.25,1.8
50.26,2.63
50.27,2.52
50.28,1.97
50.29,2.61
50.3,2.16
50.31,5.57
50.32,3.46
50.33,3.18
50.34,2.7
50.35,4.58
50.36,1.27
50.37,1.03
50.38,4.0
50.39,11.86
50.4,5.23
50.41,3.16
50.42,2.88
50.43,3.32
50.44,2.48
50.45,2.56
50.46,2.72
50.47,2.46
50.48,2.71
50.49,2.55
50.5,2.19
50.51,2.47
50.52,2.33
50.53,4.57
50.54,2.42
50.55,1.55
50.56,1.91
50.57,1.98
50.58,2.03
50.59,2.37
50.6,2.54
50.61,2.49
50.62,2.38
50.63,2.6
50.64,3.24
50.65,2.27
50.66,2.04
50.67,1.96
50.68,4.26
50.69,2.64
50.7,2.44
50.71,8.93
50.72,7.4
50.73,4.79
50.74,3.35
50.75,2.99
50.76,2.14
50.77,2.13
50.78,2.25
50.79,1.98
50.8,2.11
50.81,2.4
50.82,2.57
50.83,2.81
50.84,2.61
50.85,4.2
50.86,2.84
50.87,3.4
50.88,2.03
50.89,1.37
50.9,1.47
50.91,2.11
50.92,3.27
50.93,2.15
50.94,2.24
50.95,2.55
50.96,2.66
50.97,2.34
50.98,2.07
50.99,1.53
51.0,0.35
51.01,1.82
51.02,7.37
51.03,6.03
51.04,6.92
51.05,5.12
51.06,3.16
51.07,2.59
51.08,2.37
51.09,2.28
51.1,2.04
51.11,2.14
51.12,2.91
51.13,2.0
51.14,2.39
51.15,2.47
51.16,2.36
51.17,2.26
51.18,0.91
51.19,1.43
51.2,2.0
51.21,2.0
51.22,2.98
51.23,2.08
51.24,2.15
51.25,2.35
51.26,2.52
51.27,2.18
51.28,3.13
51.29,2.11
51.3,0.74
51.31,6.54
51.32,5.73
51.33,6.55
51.34,5.95
51.35,3.4
51.36,1.46
51.37,1.64
51.38,1.91
51.39,6.03
51.4,5.76
51.41,3.02
51.42,1.79
51.43,0.88
51.44,0.84
51.45,0.75
51.46,0.8
51.47,0.97
51.48,2.26
51.49,0.9
51.5,2.16
51.51,1.93
51.52,1.72
51.53,2.19
51.54,2.26
51.55,2.27
51.56,2.13
51.57,2.53
51.58,2.36
51.59,1.19
51.6,1.3
51.61,4.12
51.62,7.33
51.63,5.91
51.64,9.58
51.65,2.26
51.66,2.0
51.67,2.88
51.68,2.97
51.69,3.46
51.7,1.9
51.71,2.46
51.72,2.82
51.73,4.72
51.74,3.97
51.75,2.5
51.76,2.86
51.77,2.56
51.78,2.4
51.79,2.19
51.8,2.5
51.81,3.08
51.82,2.89
51.83,2.61
51.84,3.89
51.85,3.03
51.86,1.79
51.87,2.02
51.88,2.16
51.89,1.76
51.9,1.87
51.91,1.79
51.92,1.9
51.93,1.59
51.94,7.1
51.95,7.5
51.96,8.2
51.97,3.83
51.98,2.07
51.99,2.72
52.0,2.03
52.01,2.27
52.02,2.12
52.03,2.17
52.04,1.93
52.05,2.15
52.06,2.31
52.07,2.17
52.08,2.53
52.09,2.12
52.1,2.55
52.11,2.54
52.12,2.89
52.13,3.25
52.14,1.73
52.15,1.86
52.16,4.53
52.17,4.3
52.18,3.13
52.19,2.83
52.2,2.2
52.21,2.54
52.22,4.69
52.23,0.84
52.24,0.94
52.25,2.43
52.26,1.7
52.27,1.71
52.28,2.45
52.29,2.66
52.3,2.45
52.31,1.88
52.32,2.19
52.33,1.37
52.34,0.13
52.35,1.67
52.36,6.9
52.37,6.5
52.38,3.8
52.39,2.74
52.4,3.23
52.41,4.17
52.42,2.85
52.43,1.92
52.44,2.67
52.45,3.09
52.46,2.16
52.47,1.49
52.48,2.22
52.49,3.11
52.5,2.41
52.51,1.27
52.52,1.24
52.53,2.13
52.54,2.42
52.55,2.06
52.56,2.68
52.57,2.03
52.58,1.9
52.59,1.89
52.6,3.01
52.61,5.51
52.62,2.17
52.63,2.3
52.64,3.96
52.65,3.16
52.66,1.88
52.67,2.3
52.68,1.75
52.69,1.71
52.7,0.75
52.71,0.47
52.72,0.84
52.73,7.09
52.74,6.54
52.75,1.81
52.76,4.87
52.77,5.5
52.78,1.63
52.79,2.95
52.8,1.1
52.81,3.07
52.82,4.27
52.83,4.24
52.84,3.13
52.85,1.86
52.86,1.41
52.87,0.7
52.88,1.33
52.89,2.04
52.9,2.17
52.91,2.06
52.92,2.69
52.93,3.17
52.94,2.79
52.95,3.22
52.96,1.72
52.97,3.98
52.98,4.55
52.99,2.62
53.0,2.4
53.01,2.1
53.02,2.16
53.03,0.91
53.04,5.15
53.05,8.59
53.06,6.92
53.07,4.62
53.08,3.35
53.09,2.74
53.1,2.48
53.11,2.84
53.12,2.7
53.13,3.52
53.14,2.21
53.15,1.76
53.16,2.35
53.17,2.01
53.18,2.64
53.19,2.17
53.2,2.73
53.21,2.34
53.22,2.63
53.23,2.06
53.24,2.89
53.25,3.32
53.26,3.71
53.27,2.05
53.28,2.17
53.29,2.32
53.3,2.01
53.31,2.4
53.32,2.14
53.33,5.21
53.34,0.97
53.35,1.92
53.36,2.21
53.37,2.81
53.38,4.7
53.39,2.43
53.4,1.51
53.41,7.23
53.42,7.91
53.43,6.25
53.44,3.18
53.45,2.82
53.46,2.87
53.47,2.33
53.48,2.21
53.49,3.0
53.5,2.49
53.51,3.1
53.52,1.47
53.53,3.52
53.54,1.98
53.55,1.87
53.56,1.96
53.57,3.56
53.58,3.98
53.59,3.31
53.6,1.17
53.61,1.39
53.62,1.73
53.63,2.35
53.64,2.22
53.65,2.47
53.66,2.2
53.67,2.79
53.68,2.3
53.69,2.42
53.7,2.42
53.71,1.68
53.72,2.02
53.73,1.85
53.74,0.84
53.75,0.79
53.76,5.84
53.77,7.46
53.78,3.24
53.79,6.0
53.8,4.98
53.81,3.13
53.82,2.45
53.83,2.3
53.84,2.62
53.85,2.25
53.86,4.95
53.87,3.42
53.88,0.71
53.89,2.06
53.9,2.33
53.91,2.26
53.92,1.92
53.93,2.12
53.94,2.37
53.95,2.23
53.96,2.47
53.97,2.5
53.98,2.14
53.99,2.43
54.0,2.12
54.01,2.67
54.02,2.3
54.03,2.47
54.04,2.52
54.05,2.29
54.06,2.43
54.07,3.39
54.08,1.91
54.09,0.91
54.1,1.67
54.11,0.65
54.12,1.18
54.13,6.3
54.14,6.68
54.15,7.66
54.16,4.5
54.17,2.95
54.18,2.33
54.19,2.89
54.2,2.46
54.21,2.54
54.22,2.4
54.23,2.98
54.24,5.02
54.25,5.81
54.26,4.43
54.27,3.98
54.28,2.16
54.29,2.19
54.3,2.72
54.31,2.18
54.32,2.54
54.33,2.71
54.34,2.54
54.35,2.49
54.36,2.25
54.37,2.35
54.38,2.29
54.39,2.3
54.4,2.49
54.41,3.07
54.42,2.04
54.43,2.23
54.44,2.39
54.45,2.26
54.46,2.49
54.47,2.61
54.48,7.51
54.49,2.94
54.5,0.46
54.51,0.44
54.52,4.96
54.53,10.02
54.54,5.98
54.55,4.12
54.56,2.69
54.57,2.73
54.58,3.35
54.59,3.63
54.6,3.13
54.61,2.32
54.62,2.66
54.63,2.73
54.64,2.16
54.65,2.14
54.66,3.31
54.67,2.72
54.68,3.61
54.69,2.81
54.7,3.21
54.71,6.32
54.72,3.87
54.73,2.0
54.74,1.7
54.75,1.87
54.76,2.78
54.77,3.39
54.78,2.37
54.79,2.24
54.8,1.82
54.81,2.14
54.82,2.54
54.83,2.46
54.84,2.28
54.85,2.25
54.86,2.29
54.87,2.38
54.88,2.32
54.89,2.69
54.9,0.91
54.91,4.66
54.92,9.27
54.93,7.47
54.94,6.25
54.95,5.94
54.96,4.79
54.97,3.56
54.98,2.93
54.99,2.83
55.0,2.56
55.01,2.34
55.02,2.49
55.03,3.17
55.04,2.94
55.05,2.18
55.06,2.17
55.07,2.17
55.08,2.35
55.09,2.3
55.1,7.28
55.11,0.95
55.12,1.03
55.13,1.78
55.14,1.92
55.15,2.43
55.16,2.72
55.17,2.82
55.18,4.01
55.19,2.5
55.2,2.17
55.21,2.54
55.22,4.9
55.23,5.93
55.24,3.54
55.25,3.6
55.26,2.44
55.27,3.07
55.28,2.81
55.29,2.54
55.3,3.0
55.31,5.6
55.32,3.43
55.33,1.63
55.34,2.56
55.35,7.35
55.36,8.08
55.37,4.25
55.38,1.8
55.39,2.05
55.4,2.3
55.41,2.56
55.42,2.32
55.43,2.05
55.44,2.0
55.45,2.17
55.46,1.99
55.47,1.89
55.48,1.88
55.49,2.11
55.5,3.29
55.51,1.99
55.52,1.52
55.53,1.7
55.54,2.15
55.55,2.54
55.56,2.38
55.57,2.39
55.58,2.51
55.59,2.2
55.6,2.06
55.61,3.99
55.62,2.96
55.63,1.72
55.64,1.54
55.65,0.4
55.66,0.46
55.67,13.9
55.68,6.07
55.69,3.62
55.7,2.84
55.71,2.71
55.72,3.77
55.73,2.45
55.74,2.41
55.75,2.09
55.76,1.59
55.77,1.95
55.78,2.29
55.79,2.36
55.8,2.5
55.81,2.56
55.82,2.53
55.83,3.53
55.84,2.74
55.85,3.27
55.86,2.07
55.87,1.94
55.88,1.98
55.89,2.33
55.9,3.09
55.91,1.92
55.92,3.16
55.93,2.74
55.94,2.55
55.95,2.6
55.96,0.98
55.97,0.94
55.98,11.64
55.99,9.83
56.0,6.4
56.01,3.24
56.02,2.75
56.03,2.88
56.04,2.82
56.05,2.59
56.06,2.4
56.07,2.68
56.08,2.49
56.09,2.15
56.1,2.78
56.11,3.05
56.12,1.78
56.13,2.62
56.14,2.18
56.15,2.51
56.16,2.24
56.17,2.33
56.18,2.98
56.19,7.69
56.2,4.16
56.21,1.6
56.22,2.12
56.23,2.94
56.24,3.66
56.25,2.75
56.26,1.89
56.27,2.0
56.28,1.85
56.29,1.89
56.3,1.77
56.31,0.57
56.32,0.3
56.33,9.74
56.34,6.62
56.35,5.58
56.36,3.61
56.37,4.02
56.38,5.71
56.39,2.69
56.4,2.59
56.41,2.55
56.42,3.33
56.43,2.63
56.44,2.02
56.45,2.15
56.46,2.28
56.47,2.35
56.48,2.03
56.49,2.09
56.5,2.17
56.51,3.36
56.52,3.73
56.53,2.04
56.54,2.42
56.55,2.75
56.56,2.61
56.57,2.48
56.58,2.45
56.59,2.68
56.6,2.17
56.61,2.34
56.62,0.99
56.63,0.73
56.64,11.48
56.65,8.61
56.66,4.22
56.67,2.95
56.68,2.58
56.69,2.66
56.7,1.26
56.71,2.05
56.72,2.34
56.73,2.69
56.74,2.3
56.75,4.54
56.76,4.19
56.77,2.95
56.78,2.35
56.79,2.11
56.8,2.25
56.81,2.89
56.82,2.41
56.83,2.62
56.84,2.99
56.85,3.96
56.86,1.79
56.87,2.28
56.88,3.56
56.89,2.12
56.9,1.9
56.91,2.39
56.92,2.64
56.93,85.53
56.94,1.0
56.95,3.83
56.96,6.36
56.97,5.29
56.98,4.15
56.99,2.55
57.0,1.77
57.01,1.73
57.02,1.58
57.03,1.09
57.04,1.25
57.05,1.46
57.06,1.76
57.07,2.26
57.08,2.26
57.09,2.37
57.1,1.94
57.11,4.13
57.12,5.05
57.13,2.91
57.14,2.6
57.15,2.71
57.16,3.55
57.17,2.66
57.18,3.87
57.19,0.82
57.2,1.68
57.21,2.33
57.22,2.14
57.23,3.03
57.24,1.63
57.25,0.79
57.26,0.39
57.27,11.41
57.28,9.05
57.29,4.8
57.3,3.49
57.31,2.68
57.32,2.6
57.33,2.46
57.34,3.78
57.35,1.84
57.36,1.72
57.37,2.79
57.38,2.32
57.39,1.49
57.4,1.9
57.41,1.56
57.42,2.41
57.43,2.23
57.44,2.04
57.45,2.24
57.46,3.41
57.47,2.77
57.48,4.46
57.49,3.99
57.5,3.51
57.51,2.22
57.52,2.58
57.53,2.62
57.54,1.99
57.55,1.59
57.56,1.44
57.57,0.47
57.58,4.67
57.59,7.48
57.6,7.11
57.61,5.46
57.62,3.4
57.63,2.4
57.64,2.2
57.65,2.25
57.66,2.45
57.67,3.5
57.68,5.1
57.69,1.74
57.7,2.13
57.71,2.27
57.72,3.19
57.73,2.79
57.74,2.59
57.75,2.81
57.76,2.93
57.77,2.1
57.78,2.3
57.79,2.57
57.8,2.59
57.81,2.64
57.82,2.85
57.83,2.43
57.84,2.78
57.85,5.3
57.86,4.99
57.87,4.55
57.88,3.73
57.89,2.27
57.9,3.78
57.91,3.58
57.92,4.25
57.93,2.9
57.94,1.31
57.95,1.1
57.96,0.62
57.97,-0.22
57.98,4.53
57.99,13.95
58.0,7.55
58.01,4.08
58.02,2.92
58.03,2.71
58.04,2.34
58.05,2.28
58.06,2.37
58.07,1.96
58.08,3.04
58.09,2.21
58.1,1.88
58.11,2.32
58.12,2.36
58.13,2.91
58.14,2.42
58.15,2.4
58.16,2.59
58.17,2.5
58.18,2.52
58.19,2.43
58.2,3.4
58.21,3.04
58.22,2.1
58.23,2.5
58.24,2.38
58.25,2.69
58.26,2.4
58.27,6.27
58.28,4.19
58.29,1.48
58.3,1.22
58.31,1.33
58.32,0.1
58.33,13.88
58.34,10.69
58.35,8.84
58.36,5.13
58.37,3.66
58.38,2.91
58.39,2.82
58.4,2.68
58.41,2.72
58.42,2.56
58.43,3.03
58.44,2.82
58.45,2.31
58.46,3.43
58.47,1.99
58.48,3.92
58.49,3.63
58.5,2.22
58.51,1.48
58.52,1.97
58.53,2.1
58.54,3.73
58.55,2.25
58.56,2.22
58.57,2.14
58.58,2.58
58.59,2.48
58.6,2.77
58.61,2.37
58.62,2.7
58.63,2.15
58.64,2.57
58.65,3.63
58.66,3.01
58.67,1.35
58.68,1.06
58.69,0.14
58.7,3.88
58.71,11.17
58.72,6.38
58.73,4.3
58.74,2.54
58.75,2.55
58.76,2.2
58.77,2.67
58.78,4.2
58.79,3.27
58.8,2.56
58.81,6.45
58.82,4.28
58.83,3.22
58.84,2.67
58.85,7.18
58.86,2.42
58.87,1.43
58.88,1.85
58.89,2.55
58.9,2.0
58.91,3.78
58.92,3.62
58.93,4.55
58.94,2.63
58.95,2.1
58.96,2.05
58.97,1.87
58.98,1.43
58.99,1.81
59.0,1.7
59.01,1.95
59.02,2.19
59.03,1.58
59.04,2.14
59.05,0.26
59.06,-0.17
59.07,3.44
59.08,7.7
59.09,7.4
59.1,5.09
59.11,3.03
59.12,4.21
59.13,2.05
59.14,2.2
59.15,2.23
59.16,2.41
59.17,2.32
59.18,2.74
59.19,4.2
59.2,5.5
59.21,4.01
59.22,3.86
59.23,4.18
59.24,2.75
59.25,1.95
59.26,2.27
59.27,2.05
59.28,2.39
59.29,2.33
59.3,2.77
59.31,2.55
59.32,2.5
59.33,2.62
59.34,2.4
59.35,2.58
59.36,3.24
59.37,1.71
59.38,2.48
59.39,2.09
59.4,2.66
59.41,1.94
59.42,1.68
59.43,4.45
59.44,9.52
59.45,8.97
59.46,5.54
59.47,3.62
59.48,3.95
59.49,3.46
59.5,2.29
59.51,2.38
59.52,2.54
59.53,3.04
59.54,3.38
59.55,2.83
59.56,2.55
59.57,2.57
59.58,2.14
59.59,2.41
59.6,2.46
59.61,6.25
59.62,5.1
59.63,2.53
59.64,3.79
59.65,2.72
59.66,1.5
59.67,1.64
59.68,2.37
59.69,2.03
59.7,3.4
59.71,1.81
59.72,1.94
59.73,2.31
59.74,2.32
59.75,2.35
59.76,2.72
59.77,2.61
59.78,1.83
59.79,1.68
59.8,0.46
59.81,4.71
59.82,9.19
59.83,7.04
59.84,5.93
59.85,4.1
59.86,3.53
59.87,3.99
59.88,3.06
59.89,2.7
59.9,2.61
59.91,2.69
59.92,2.28
59.93,2.59
59.94,3.29
59.95,2.53
59.96,2.21
59.97,2.19
59.98,2.3
59.99,2.47
60.0,2.5
60.01,5.9
60.02,1.37
60.03,3.43
60.04,3.84
60.05,2.86
60.06,2.69
60.07,2.75
60.08,2.02
60.09,2.2
60.1,1.83
60.11,2.63
60.12,2.53
60.13,2.54
60.14,2.53
60.15,2.45
60.16,1.35
60.17,1.44
60.18,2.42
60.19,6.65
60.2,10.26
60.21,6.48
60.22,5.39
60.23,4.05
60.24,3.64
60.25,1.73
60.26,2.0
60.27,2.09
60.28,3.64
60.29,2.26
60.3,1.76
60.31,2.13
60.32,2.48
60.33,2.49
60.34,2.63
60.35,2.36
60.36,2.91
60.37,2.43
60.38,2.59
60.39,3.47
60.4,2.66
60.41,1.56
60.42,2.34
60.43,2.44
60.44,2.03
60.45,2.21
60.46,2.21
60.47,2.47
60.48,4.51
60.49,4.54
60.5,3.03
60.51,3.28
60.52,1.19
60.53,-0.17
60.54,9.82
60.55,9.81
60.56,6.67
60.57,4.7
60.58,1.23
60.59,1.85
60.6,2.3
60.61,2.53
60.62,3.18
60.63,2.17
60.64,2.08
60.65,1.96
60.66,1.86
60.67,1.96
60.68,2.04
60.69,2.26
60.7,2.48
60.71,2.43
60.72,2.25
60.73,4.61
60.74,1.78
60.75,2.88
60.76,2.62
60.77,1.51
60.78,1.7
60.79,2.35
60.8,2.25
60.81,3.34
60.82,2.79
60.83,1.95
60.84,2.19
60.85,3.89
60.86,3.38
60.87,1.89
60.88,1.79
60.89,0.38
60.9,9.33
60.91,8.1
60.92,12.61
60.93,6.33
60.94,5.62
60.95,3.34
60.96,5.46
60.97,3.73
60.98,2.23
60.99,2.11
61.0,1.91
61.01,2.06
61.02,2.88
61.03,2.61
61.04,2.35
61.05,1.93
61.06,1.96
61.07,2.15
61.08,2.18
61.09,3.46
61.1,2.14
61.11,2.26
61.12,2.2
61.13,2.08
61.14,1.99
61.15,8.75
61.16,0.97
61.17,2.03
61.18,2.14
61.19,2.41
61.2,4.05
61.21,1.8
61.22,2.08
61.23,2.26
61.24,1.76
61.25,-0.47
61.26,6.07
61.27,6.59
61.28,7.19
61.29,5.28
61.3,3.83
61.31,4.06
61.32,1.8
61.33,4.84
61.34,3.57
61.35,1.03
61.36,1.36
61.37,1.72
61.38,3.54
61.39,1.66
61.4,2.13
61.41,2.18
61.42,2.21
61.43,2.34
61.44,2.51
61.45,2.65
61.46,2.66
61.47,3.65
61.48,3.16
61.49,2.02
61.5,2.06
61.51,2.15
61.52,2.36
61.53,2.55
61.54,2.39
61.55,2.16
61.56,1.51
61.57,-0.31
61.58,6.68
61.59,9.44
61.6,4.06
61.61,2.89
61.62,2.38
61.63,1.98
61.64,2.01
61.65,7.26
61.66,1.73
61.67,2.51
61.68,2.55
61.69,2.49
61.7,3.55
61.71,1.79
61.72,2.19
61.73,2.37
61.74,2.73
61.75,2.5
61.76,2.32
61.77,2.39
61.78,2.52
61.79,2.18
61.8,2.14
61.81,4.31
61.82,1.97
61.83,4.03
61.84,2.71
61.85,1.11
61.86,1.8
61.87,1.8
61.88,2.52
61.89,2.87
61.9,10.92
61.91,8.04
61.92,3.98
61.93,2.7
61.94,3.23
61.95,3.17
61.96,2.99
61.97,4.53
61.98,2.29
61.99,1.47
62.0,1.83
62.01,5.18
62.02,3.31
62.03,2.87
62.04,2.6
62.05,2.21
62.06,2.21
62.07,3.4
62.08,2.84
62.09,3.83
62.1,2.36
62.11,2.39
62.12,2.11
62.13,1.84
62.14,1.93
62.15,2.11
62.16,1.29
62.17,2.0
62.18,2.25
62.19,1.77
62.2,1.89
62.21,2.07
62.22,11.4
62.23,6.55
62.24,4.87
62.25,3.88
62.26,2.7
62.27,2.11
62.28,1.97
62.29,2.39
62.3,2.35
62.31,3.31
62.32,2.35
62.33,2.7
62.34,2.06
62.35,1.64
62.36,2.51
62.37,2.54
62.38,3.19
62.39,3.64
62.4,2.04
62.41,1.49
62.42,1.19
62.43,1.26
62.44,1.21
62.45,1.11
62.46,1.24
62.47,1.7
62.48,0.45
62.49,0.96
62.5,1.28
62.51,0.57
62.52,0.74
62.53,5.06
62.54,10.71
62.55,6.55
62.56,3.59
62.57,2.45
62.58,2.28
62.59,1.68
62.6,1.97
62.61,2.32
62.62,2.54
62.63,2.39
62.64,3.67
62.65,0.95
62.66,1.58
62.67,2.16
62.68,2.52
62.69,3.03
62.7,1.78
62.71,1.79
62.72,1.76
62.73,1.85
62.74,2.0
62.75,2.88
62.76,2.5
62.77,2.24
62.78,1.91
62.79,2.02
62.8,2.1
62.81,2.53
62.82,5.72
62.83,2.9
62.84,0.45
62.85,4.49
62.86,10.93
62.87,5.68
62.88,3.36
62.89,2.95
62.9,2.63
62.91,2.4
62.92,2.0
62.93,3.12
62.94,2.2
62.95,2.04
62.96,2.14
62.97,2.95
62.98,1.74
62.99,1.73
63.0,2.11
63.01,2.17
63.02,2.32
63.03,2.58
63.04,2.56
63.05,2.31
63.06,2.13
63.07,1.88
63.08,2.65
63.09,1.56
63.1,1.94
63.11,2.26
63.12,2.46
63.13,2.48
63.14,9.47
63.15,0.72
63.16,0.12
63.17,5.39
63.18,14.02
63.19,6.56
63.2,2.69
63.21,2.94
63.22,3.06
63.23,2.27
63.24,2.14
63.25,2.23
63.26,2.42
63.27,2.44
63.28,2.74
63.29,2.22
63.3,3.74
63.31,1.84
63.32,4.66
63.33,4.47
63.34,1.79
63.35,1.56
63.36,1.62
63.37,2.96
63.38,1.42
63.39,1.86
63.4,2.25
63.41,2.31
63.42,2.25
63.43,2.16
63.44,1.9
63.45,2.43
63.46,2.6
63.47,3.82
63.48,3.0
63.49,0.2
63.5,2.61
63.51,1.66
63.52,11.41
63.53,7.69
63.54,6.38
63.55,5.36
63.56,4.5
63.57,3.38
63.58,3.0
63.59,6.7
63.6,4.46
63.61,3.78
63.62,2.9
63.63,2.54
63.64,2.91
63.65,2.11
63.66,2.32
63.67,2.17
63.68,2.07
63.69,1.91
63.7,8.06
63.71,1.18
63.72,1.53
63.73,2.32
63.74,2.35
63.75,3.06
63.76,1.72
63.77,1.88
63.78,2.1
63.79,2.26
63.8,2.39
63.81,2.35
63.82,2.1
63.83,1.95
63.84,2.04
63.85,1.34
63.86,0.62
63.87,1.44
63.88,13.09
63.89,7.18
63.9,2.84
63.91,1.77
63.92,1.95
63.93,2.85
63.94,2.0
63.95,2.26
63.96,2.32
63.97,4.18
63.98,2.49
63.99,2.12
64.0,2.04
64.01,2.27
64.02,2.99
64.03,3.32
64.04,1.52
64.05,1.72
64.06,1.93
64.07,2.05
64.08,2.32
64.09,2.44
64.1,2.33
64.11,2.18
64.12,2.01
64.13,1.86
64.14,3.2
64.15,2.4
64.16,2.36
64.17,1.83
64.18,-0.11
64.19,5.82
64.2,14.53
64.21,2.29
64.22,2.35
64.23,2.5
64.24,2.59
64.25,3.16
64.26,1.68
64.27,1.74
64.28,1.97
64.29,2.5
64.3,2.83
64.31,2.56
64.32,4.38
64.33,4.04
64.34,3.11
64.35,2.35
64.36,4.28
64.37,1.82
64.38,3.25
64.39,2.39
64.4,1.43
64.41,1.73
64.42,2.01
64.43,3.79
64.44,1.73
64.45,3.21
64.46,2.62
64.47,2.26
64.48,1.67
64.49,1.11
64.5,2.17
64.51,4.73
64.52,10.94
64.53,3.65
64.54,3.52
64.55,2.67
64.56,2.23
64.57,2.7
64.58,2.52
64.59,2.65
64.6,2.47
64.61,2.27
64.62,1.98
64.63,1.95
64.64,2.47
64.65,1.93
64.66,2.41
64.67,2.46
64.68,2.19
64.69,1.99
64.7,4.59
64.71,0.93
64.72,1.8
64.73,5.51
64.74,4.96
64.75,3.09
64.76,2.18
64.77,2.23
64.78,2.29
64.79,2.46
64.8,2.09
64.81,1.25
64.82,2.89
64.83,12.92
64.84,6.49
64.85,3.44
64.86,4.76
64.87,2.07
64.88,2.2
64.89,2.13
64.9,1.72
64.91,1.89
64.92,2.08
64.93,3.67
64.94,2.24
64.95,2.39
64.96,2.22
64.97,2.11
64.98,1.99
64.99,1.97
65.0,2.02
65.01,2.29
65.02,3.63
65.03,2.27
65.04,2.63
65.05,2.09
65.06,1.9
65.07,1.93
65.08,2.04
65.09,2.31
65.1,2.47
65.11,5.81
65.12,3.14
65.13,0.96
65.14,4.44
65.15,9.3
65.16,7.87
65.17,4.61
65.18,2.96
65.19,4.64
65.2,1.43
65.21,1.28
65.22,1.74
65.23,2.08
65.24,3.23
65.25,2.27
65.26,2.3
65.27,2.34
65.28,2.19
65.29,2.45
65.3,2.64
65.31,3.89
65.32,3.01
65.33,2.5
65.34,2.28
65.35,2.1
65.36,1.33
65.37,3.61
65.38,3.78
65.39,2.46
65.4,1.42
65.41,1.79
65.42,1.93
65.43,1.57
65.44,1.09
65.45,0.26
65.46,3.0
65.47,10.84
65.48,3.94
65.49,2.69
65.5,2.81
65.51,5.29
65.52,4.57
65.53,2.3
65.54,2.24
65.55,2.27
65.56,2.15
65.57,2.01
65.58,2.04
65.59,2.74
65.6,2.92
65.61,3.96
65.62,2.95
65.63,3.24
65.64,1.77
65.65,1.76
65.66,1.95
65.67,2.39
65.68,2.54
65.69,8.31
65.7,0.84
65.71,1.76
65.72,2.09
65.73,2.42
65.74,4.27
65.75,2.1
65.76,1.57
65.77,-0.1
65.78,3.44
65.79,9.49
65.8,4.69
65.81,3.14
65.82,2.89
65.83,2.57
65.84,2.45
65.85,3.11
65.86,1.76
65.87,7.46
65.88,6.08
65.89,1.96
65.9,2.96
65.91,2.25
65.92,3.13
65.93,1.96
65.94,2.05
65.95,2.37
65.96,3.72
65.97,4.2
65.98,3.2
65.99,2.83
66.0,2.56
66.01,3.73
66.02,3.3
66.03,1.46
66.04,1.33
66.05,1.26
66.06,1.61
66.07,1.57
66.08,1.26
66.09,2.77
66.1,13.56
66.11,9.72
66.12,5.73
66.13,4.21
66.14,4.3
66.15,3.27
66.16,2.66
66.17,2.08
66.18,2.41
66.19,2.52
66.2,2.21
66.21,2.7
66.22,2.68
66.23,2.6
66.24,6.18
66.25,2.49
66.26,1.53
66.27,2.37
66.28,1.89
66.29,5.13
66.3,4.41
66.31,4.49
66.32,4.12
66.33,2.35
66.34,1.98
66.35,2.23
66.36,2.69
66.37,2.56
66.38,2.46
66.39,2.51
66.4,2.33
66.41,2.43
66.42,2.94
66.43,2.63
66.44,2.38
66.45,2.41
66.46,2.56
66.47,2.42
66.48,0.89
66.49,0.01
66.5,0.96
66.51,9.43
66.52,5.54
66.53,3.41
66.54,2.65
66.55,2.78
66.56,3.38
66.57,3.7
66.58,2.73
66.59,2.26
66.6,2.32
66.61,1.51
66.62,1.69
66.63,2.05
66.64,2.46
66.65,2.61
66.66,2.42
66.67,5.12
66.68,3.28
66.69,2.55
66.7,2.89
66.71,3.33
66.72,2.31
66.73,2.04
66.74,1.91
66.75,2.03
66.76,2.04
66.77,8.35
66.78,1.97
66.79,1.94
66.8,1.77
66.81,0.34
66.82,1.59
66.83,8.27
66.84,5.13
66.85,3.58
66.86,4.26
66.87,3.12
66.88,2.35
66.89,2.18
66.9,2.05
66.91,2.3
66.92,2.43
66.93,3.97
66.94,2.16
66.95,3.5
66.96,3.65
66.97,2.21
66.98,1.76
66.99,2.26
67.0,3.33
67.01,2.12
67.02,1.9
67.03,1.87
67.04,2.22
67.05,2.09
67.06,4.81
67.07,3.44
67.08,2.74
67.09,4.07
67.1,2.66
67.11,1.12
67.12,1.63
67.13,0.02
67.14,3.38
67.15,12.19
67.16,5.71
67.17,3.14
67.18,2.47
67.19,2.24
67.2,2.3
67.21,3.86
67.22,2.19
67.23,1.94
67.24,2.11
67.25,2.14
67.26,2.26
67.27,8.31
67.28,1.26
67.29,1.9
67.3,2.04
67.31,2.69
67.32,2.5
67.33,4.05
67.34,2.49
67.35,2.25
67.36,2.62
67.37,2.43
67.38,2.36
67.39,2.05
67.4,2.28
67.41,2.18
67.42,2.61
67.43,3.03
67.44,2.74
67.45,3.21
67.46,1.6
67.47,0.93
67.48,6.45
67.49,8.51
67.5,4.4
67.51,3.38
67.52,4.13
67.53,52.28
67.54,1.49
67.55,1.36
67.56,1.44
67.57,1.34
67.58,1.26
67.59,1.28
67.6,1.37
67.61,2.19
67.62,2.02
67.63,0.7
67.64,1.07
67.65,1.23
67.66,2.09
67.67,2.85
67.68,2.6
67.69,2.51
67.7,2.21
67.71,2.12
67.72,1.97
67.73,3.55
67.74,2.28
67.75,2.45
67.76,2.41
67.77,1.94
67.78,1.65
67.79,4.12
67.8,3.05
67.81,10.88
67.82,5.01
67.83,3.6
67.84,3.65
67.85,1.84
67.86,1.92
67.87,2.11
67.88,2.31
67.89,2.68
67.9,2.61
67.91,2.19
67.92,2.13
67.93,2.07
67.94,2.26
67.95,4.19
67.96,2.26
67.97,3.4
67.98,1.96
67.99,1.36
68.0,1.6
68.01,2.59
68.02,3.92
68.03,2.37
68.04,2.12
68.05,1.95
68.06,1.98
68.07,2.59
68.08,2.43
68.09,2.09
68.1,1.37
68.11,3.87
68.12,13.01
68.13,8.05
68.14,4.28
68.15,3.21
68.16,6.48
68.17,4.21
68.18,2.74
68.19,2.21
68.2,2.17
68.21,1.97
68.22,2.04
68.23,3.07
68.24,2.07
68.25,2.24
68.26,2.28
68.27,2.02
68.28,2.18
68.29,1.3
68.3,1.28
68.31,2.35
68.32,2.1
68.33,2.04
68.34,2.42
68.35,2.27
68.36,2.42
68.37,2.34
68.38,2.35
68.39,2.4
68.4,2.32
68.41,1.5
68.42,0.78
68.43,4.42
68.44,9.27
68.45,11.02
68.46,4.23
68.47,2.82
68.48,1.75
68.49,1.21
68.5,1.45
68.51,1.96
68.52,2.61
68.53,1.93
68.54,2.25
68.55,3.79
68.56,3.12
68.57,2.75
68.58,2.28
68.59,2.27
68.6,2.9
68.61,4.06
68.62,1.21
68.63,2.22
68.64,2.35
68.65,2.18
68.66,2.27
68.67,2.46
68.68,2.39
68.69,2.19
68.7,1.99
68.71,2.1
68.72,1.97
68.73,1.6
68.74,0.27
68.75,1.39
68.76,9.96
68.77,6.14
68.78,3.75
68.79,2.82
68.8,1.52
68.81,2.13
68.82,2.4
68.83,2.37
68.84,2.18
68.85,3.17
68.86,2.22
68.87,2.3
68.88,1.92
68.89,2.84
68.9,2.37
68.91,2.47
68.92,2.38
68.93,2.48
68.94,2.35
68.95,3.21
68.96,2.37
68.97,5.18
68.98,5.55
68.99,3.99
69.0,3.15
69.01,3.54
69.02,3.93
69.03,1.88
69.04,3.5
69.05,2.24
69.06,1.65
69.07,2.11
69.08,2.18
69.09,2.73
69.1,1.57
69.11,1.88
69.12,1.12
69.13,0.67
69.14,4.28
69.15,7.81
69.16,8.1
69.17,4.27
69.18,3.4
69.19,2.87
69.2,1.96
69.21,2.38
69.22,2.43
69.23,2.33
69.24,2.07
69.25,2.02
69.26,2.22
69.27,2.07
69.28,2.16
69.29,3.38
69.3,2.71
69.31,2.4
69.32,2.61
69.33,2.22
69.34,5.7
69.35,4.14
69.36,1.91
69.37,1.63
69.38,1.73
69.39,1.69
69.4,2.2
69.41,1.91
69.42,1.92
69.43,2.32
69.44,1.81
69.45,0.53
69.46,0.96
69.47,7.4
69.48,5.17
69.49,3.19
69.5,3.07
69.51,2.91
69.52,3.24
69.53,2.36
69.54,3.14
69.55,2.54
69.56,1.25
69.57,1.79
69.58,3.19
69.59,2.59
69.6,1.67
69.61,1.74
69.62,1.88
69.63,1.89
69.64,1.99
69.65,2.15
69.66,2.46
69.67,3.4
69.68,3.93
69.69,1.84
69.7,4.68
69.71,4.11
69.72,3.22
69.73,2.69
69.74,2.37
69.75,2.18
69.76,1.61
69.77,0.06
69.78,2.29
69.79,12.35
69.8,5.65
69.81,3.46
69.82,2.82
69.83,2.46
69.84,2.15
69.85,5.72
69.86,0.89
69.87,2.64
69.88,2.37
69.89,2.26
69.9,3.4
69.91,1.9
69.92,1.93
69.93,2.13
69.94,2.31
69.95,2.43
69.96,2.54
69.97,2.5
69.98,2.27
69.99,2.54
70.0,2.54
70.01,3.77
70.02,2.6
70.03,4.14
70.04,2.3
70.05,1.14
70.06,1.48
70.07,3.61
70.08,3.0
70.09,2.66
70.1,13.22
70.11,8.85
70.12,4.41
70.13,2.77
70.14,2.95
70.15,2.77
70.16,2.91
70.17,5.19
70.18,3.22
70.19,1.49
70.2,1.89
70.21,2.01
70.22,2.19
70.23,2.41
70.24,2.55
70.25,2.45
70.26,2.37
70.27,2.37
70.28,2.65
70.29,3.67
70.3,2.24
70.31,2.21
70.32,2.17
70.33,1.97
70.34,2.08
70.35,2.38
70.36,1.08
70.37,2.07
70.38,2.61
70.39,1.76
70.4,2.09
70.41,1.58
70.42,8.72
70.43,11.26
70.44,6.95
70.45,5.15
70.46,3.37
70.47,2.43
70.48,2.43
70.49,2.51
70.5,2.57
70.51,3.65
70.52,2.16
70.53,2.03
70.54,3.17
70.55,1.75
70.56,2.23
70.57,2.13
70.58,3.09
70.59,1.79
70.6,1.99
70.61,2.04
70.62,2.09
70.63,1.83
70.64,1.9
70.65,120.63
70.66,1.35
70.67,1.7
70.68,1.17
70.69,1.03
70.7,1.41
70.71,0.63
70.72,0.11
70.73,4.06
70.74,8.18
70.75,5.14
70.76,5.26
70.77,3.32
70.78,2.65
70.79,2.04
70.8,1.88
70.81,2.25
70.82,2.63
70.83,2.44
70.84,5.5
70.85,2.81
70.86,1.36
70.87,1.61
70.88,3.01
70.89,4.16
70.9,2.74
70.91,2.33
70.92,2.35
70.93,2.23
70.94,2.45
70.95,2.46
70.96,2.39
70.97,2.4
70.98,2.27
70.99,2.08
71.0,2.28
71.01,2.17
71.02,3.87
71.03,3.16
71.04,0.22
71.05,2.49
71.06,9.31
71.07,5.87
71.08,1.98
71.09,2.06
71.1,5.17
71.11,3.52
71.12,2.71
71.13,2.15
71.14,2.06
71.15,2.11
71.16,2.67
71.17,6.07
71.18,2.98
71.19,3.61
71.2,2.99
71.21,2.44
71.22,2.03
71.23,2.1
71.24,1.95
71.25,2.04
71.26,2.24
71.27,2.52
71.28,3.16
71.29,1.9
71.3,2.02
71.31,2.28
71.32,2.15
71.33,2.33
71.34,5.89
71.35,0.19
71.36,0.85
71.37,11.96
71.38,6.91
71.39,3.84
71.4,2.39
71.41,2.58
71.42,2.7
71.43,2.49
71.44,2.38
71.45,2.32
71.46,2.17
71.47,2.57
71.48,2.76
71.49,4.59
71.5,3.25
71.51,3.11
71.52,5.11
71.53,1.83
71.54,2.32
71.55,3.02
71.56,7.94
71.57,5.41
71.58,2.82
71.59,2.32
71.6,2.31
71.61,2.26
71.62,2.87
71.63,3.25
71.64,2.57
71.65,1.49
71.66,2.55
71.67,2.37
71.68,2.69
71.69,2.61
71.7,2.2
71.71,2.2
71.72,2.11
71.73,1.77
71.74,2.89
71.75,1.75
71.76,1.56
71.77,8.88
71.78,7.83
71.79,5.32
71.8,3.21
71.81,2.32
71.82,2.29
71.83,2.37
71.84,3.69
71.85,3.59
71.86,3.72
71.87,1.8
71.88,2.02
71.89,2.2
71.9,2.31
71.91,2.48
71.92,2.41
71.93,6.66
71.94,4.52
71.95,0.74
71.96,1.71
71.97,2.34
71.98,2.11
71.99,2.63
72.0,2.14
72.01,3.65
72.02,3.01
72.03,2.61
72.04,2.51
72.05,2.31
72.06,2.08
72.07,2.38
72.08,2.23
72.09,1.74
72.1,1.15
72.11,1.62
72.12,7.86
72.13,6.81
72.14,3.46
72.15,1.46
72.16,2.5
72.17,2.85
72.18,2.57
72.19,1.96
72.2,1.97
72.21,2.03
72.22,2.19
72.23,1.97
72.24,2.05
72.25,2.3
72.26,3.61
72.27,3.82
72.28,1.72
72.29,2.33
72.3,1.85
72.31,2.06
72.32,2.27
72.33,2.16
72.34,2.1
72.35,1.92
72.36,2.1
72.37,1.88
72.38,5.25
72.39,3.06
72.4,2.47
72.41,1.24
72.42,2.32
72.43,3.28
72.44,13.52
72.45,6.1
72.46,3.72
72.47,2.99
72.48,2.38
72.49,2.72
72.5,1.42
72.51,1.71
72.52,1.78
72.53,2.01
72.54,2.3
72.55,2.66
72.56,2.55
72.57,2.24
72.58,2.59
72.59,2.76
72.6,3.83
72.61,2.61
72.62,3.26
72.63,1.68
72.64,1.22
72.65,1.35
72.66,1.59
72.67,2.92
72.68,1.39
72.69,2.1
72.7,2.39
72.71,2.3
72.72,1.43
72.73,0.79
72.74,5.22
72.75,11.63
72.76,14.15
72.77,6.88
72.78,2.69
72.79,2.45
72.8,1.93
72.81,1.94
72.82,2.1
72.83,2.45
72.84,2.56
72.85,2.26
72.86,1.9
72.87,2.09
72.88,1.67
72.89,1.69
72.9,2.12
72.91,2.66
72.92,2.62
72.93,2.1
72.94,0.6
72.95,0.6
72.96,1.49
72.97,2.19
72.98,2.49
72.99,2.59
73.0,2.03
73.01,2.02
73.02,2.18
73.03,2.62
73.04,2.28
73.05,0.94
73.06,4.53
73.07,6.59
73.08,7.02
73.09,4.55
73.1,3.06
73.11,1.92
73.12,5.02
73.13,4.66
73.14,2.16
73.15,2.06
73.16,2.06
73.17,1.8
73.18,1.63
73.19,1.93
73.2,2.33
73.21,2.61
73.22,2.41
73.23,2.01
73.24,1.98
73.25,2.08
73.26,3.67
73.27,1.64
73.28,1.83
73.29,2.14
73.3,1.82
73.31,1.91
73.32,2.15
73.33,1.91
73.34,1.85
73.35,2.36
73.36,1.89
73.37,0.21
73.38,1.6
73.39,7.73
73.4,3.73
73.41,2.99
73.42,2.19
73.43,7.31
73.44,3.4
73.45,2.82
73.46,1.65
73.47,1.06
73.48,2.45
73.49,1.34
73.5,0.92
73.51,0.63
73.52,0.75
73.53,0.94
73.54,1.01
73.55,1.01
73.56,1.09
73.57,2.25
73.58,2.5
73.59,6.39
73.6,4.1
73.61,2.61
73.62,2.07
73.63,2.51
73.64,2.23
73.65,2.76
73.66,5.39
73.67,2.93
73.68,0.97
73.69,1.56
73.7,3.19
73.71,9.81
73.72,4.58
73.73,3.61
73.74,3.03
73.75,4.07
73.76,1.58
73.77,1.31
73.78,1.7
73.79,1.48
73.8,2.77
73.81,5.99
73.82,3.95
73.83,2.53
73.84,2.01
73.85,2.16
73.86,1.92
73.87,2.13
73.88,1.49
73.89,2.52
73.9,2.69
73.91,2.37
73.92,2.45
73.93,2.7
73.94,1.59
73.95,2.16
73.96,2.3
73.97,2.69
73.98,2.03
73.99,0.94
74.0,0.36
74.01,5.26
74.02,7.66
74.03,6.31
74.04,3.07
74.05,3.05
74.06,3.2
74.07,2.87
74.08,2.15
74.09,1.58
74.1,1.83
74.11,2.97
74.12,2.84
74.13,1.34
74.14,1.73
74.15,2.18
74.16,5.67
74.17,3.78
74.18,2.88
74.19,2.65
74.2,2.55
74.21,2.76
74.22,1.95
74.23,2.37
74.24,2.08
74.25,4.24
74.26,2.74
74.27,2.4
74.28,2.26
74.29,2.32
74.3,3.84
74.31,3.84
74.32,1.94
74.33,2.03
74.34,2.4
74.35,2.28
74.36,2.44
74.37,2.11
74.38,2.44
74.39,2.28
74.4,0.75
74.41,1.29
74.42,2.64
74.43,7.87
74.44,4.97
74.45,5.63
74.46,3.38
74.47,2.88
74.48,2.3
74.49,2.16
74.5,2.21
74.51,1.04
74.52,1.1
74.53,2.09
74.54,2.69
74.55,2.38
74.56,2.27
74.57,1.58
74.58,2.01
74.59,4.69
74.6,4.41
74.61,3.53
74.62,2.67
74.63,2.26
74.64,2.26
74.65,2.34
74.66,2.38
74.67,2.73
74.68,2.05
74.69,3.88
74.7,3.6
74.71,0.82
74.72,0.91
74.73,1.91
74.74,11.12
74.75,6.38
74.76,2.89
74.77,3.16
74.78,2.46
74.79,2.19
74.8,2.04
74.81,2.27
74.82,2.29
74.83,2.62
74.84,2.11
74.85,1.95
74.86,1.99
74.87,2.23
74.88,1.78
74.89,2.22
74.9,3.51
74.91,2.98
74.92,2.48
74.93,2.71
74.94,3.33
74.95,2.54
74.96,3.54
74.97,4.03
74.98,3.08
74.99,2.45
75.0,6.59
75.01,3.58
75.02,1.31
75.03,1.24
75.04,0.31
75.05,3.67
75.06,4.54
75.07,7.53
75.08,5.94
75.09,5.42
75.1,2.73
75.11,1.79
75.12,1.42
75.13,1.2
75.14,1.34
75.15,1.68
75.16,2.64
75.17,2.45
75.18,4.31
75.19,3.41
75.2,1.21
75.21,2.07
75.22,2.21
75.23,3.24
75.24,2.6
75.25,2.08
75.26,2.19
75.27,2.62
75.28,2.34
75.29,2.14
75.3,2.09
75.31,2.09
75.32,5.6
75.33,4.51
75.34,1.6
75.35,0.93
75.36,0.78
75.37,11.02
75.38,7.66
75.39,4.19
75.4,2.78
75.41,2.5
75.42,2.46
75.43,2.68
75.44,3.49
75.45,2.03
75.46,1.77
75.47,2.44
75.48,2.51
75.49,2.45
75.5,3.52
75.51,0.95
75.52,1.57
75.53,2.04
75.54,2.15
75.55,2.01
75.56,1.91
75.57,2.42
75.58,2.55
75.59,2.5
75.6,2.43
75.61,2.49
75.62,2.54
75.63,2.28
75.64,2.7
75.65,2.68
75.66,2.75
75.67,0.28
75.68,5.13
75.69,7.89
75.7,6.96
75.71,4.85
75.72,3.23
75.73,2.75
75.74,2.22
75.75,1.99
75.76,3.1
75.77,2.97
75.78,2.52
75.79,2.51
75.8,2.73
75.81,2.44
75.82,2.9
75.83,1.8
75.84,1.6
75.85,1.95
75.86,2.14
75.87,2.34
75.88,2.25
75.89,2.2
75.9,2.27
75.91,2.41
75.92,1.98
75.93,2.48
75.94,2.87
75.95,2.43
75.96,2.79
75.97,2.85
75.98,1.88
75.99,1.94
76.0,1.55
76.01,5.44
76.02,5.63
76.03,3.3
76.04,3.76
76.05,4.52
76.06,1.46
76.07,1.62
76.08,1.3
76.09,1.32
76.1,1.47
76.11,1.45
76.12,1.5
76.13,1.51
76.14,1.78
76.15,1.14
76.16,1.29
76.17,2.32
76.18,3.6
76.19,2.17
76.2,1.77
76.21,1.94
76.22,2.76
76.23,2.61
76.24,2.16
76.25,2.03
76.26,3.04
76.27,3.14
76.28,2.94
76.29,2.8
76.3,1.26
76.31,1.38
76.32,9.91
76.33,6.7
76.34,6.01
76.35,3.81
76.36,3.29
76.37,4.36
76.38,3.75
76.39,2.46
76.4,2.2
76.41,2.11
76.42,2.22
76.43,3.51
76.44,2.32
76.45,2.1
76.46,2.18
76.47,2.31
76.48,1.87
76.49,1.81
76.5,1.3
76.51,2.11
76.52,2.4
76.53,2.65
76.54,4.03
76.55,2.06
76.56,2.44
76.57,2.54
76.58,2.64
76.59,2.3
76.6,1.92
76.61,1.91
76.62,0.59
76.63,4.53
76.64,8.68
76.65,8.08
76.66,3.89
76.67,3.1
76.68,3.82
76.69,2.4
76.7,2.22
76.71,1.99
76.72,3.04
76.73,1.57
76.74,2.92
76.75,4.45
76.76,2.83
76.77,2.26
76.78,2.16
76.79,3.37
76.8,6.23
76.81,5.61
76.82,3.6
76.83,2.33
76.84,2.6
76.85,2.47
76.86,4.23
76.87,2.68
76.88,3.25
76.89,2.6
76.9,2.22
76.91,2.4
76.92,2.68
76.93,2.12
76.94,2.9
76.95,2.16
76.96,194.33
76.97,1.62
76.98,1.48
76.99,2.86
77.0,0.4
77.01,0.35
77.02,0.09
77.03,3.46
77.04,7.33
77.05,8.1
77.06,4.74
77.07,3.82
77.08,0.23
77.09,0.65
77.1,1.11
77.11,1.47
77.12,2.23
77.13,1.66
77.14,1.61
77.15,1.7
77.16,1.84
77.17,2.73
77.18,2.06
77.19,2.02
77.2,1.87
77.21,1.83
77.22,1.41
77.23,0.99
77.24,0.4
77.25,2.27
77.26,2.19
77.27,1.0
77.28,2.47
77.29,2.55
77.3,3.19
77.31,1.55
77.32,2.09
77.33,1.57
77.34,0.74
77.35,1.75
77.36,5.21
77.37,5.89
77.38,3.88
77.39,3.07
77.4,2.39
77.41,2.53
77.42,2.77
77.43,2.82
77.44,5.1
77.45,4.85
77.46,3.31
77.47,2.56
77.48,2.6
77.49,2.38
77.5,2.77
77.51,2.85
77.52,2.02
77.53,1.92
77.54,2.09
77.55,2.21
77.56,7.37
77.57,3.6
77.58,1.78
77.59,2.24
77.6,2.93
77.61,2.81
77.62,2.5
77.63,2.3
77.64,1.4
77.65,0.56
77.66,1.28
77.67,4.43
77.68,6.29
77.69,4.89
77.7,4.08
77.71,3.05
77.72,4.55
77.73,2.4
77.74,3.53
77.75,2.52
77.76,1.57
77.77,2.35
77.78,5.72
77.79,124.8
77.8,1.76
77.81,1.37
77.82,1.28
77.83,1.48
77.84,1.3
77.85,1.23
77.86,1.02
77.87,1.44
77.88,1.46
77.89,0.8
77.9,1.08
77.91,1.46
77.92,1.51
77.93,2.47
77.94,2.24
77.95,1.84
77.96,0.69
77.97,3.15
77.98,6.54
77.99,5.54
78.0,2.93
78.01,4.35
78.02,2.87
78.03,3.2
78.04,8.12
78.05,4.72
78.06,1.61
78.07,2.02
78.08,2.96
78.09,2.78
78.1,3.7
78.11,3.32
78.12,2.85
78.13,3.56
78.14,2.83
78.15,2.02
78.16,1.54
78.17,2.14
78.18,1.75
78.19,1.81
78.2,1.61
78.21,1.53
78.22,2.45
78.23,2.02
78.24,1.31
78.25,0.89
78.26,2.03
78.27,1.67
78.28,2.46
78.29,0.94
78.3,8.62
78.31,7.54
78.32,6.48
78.33,5.56
78.34,3.91
78.35,2.98
78.36,3.0
78.37,2.53
78.38,3.98
78.39,1.59
78.4,1.82
78.41,2.29
78.42,2.42
78.43,2.54
78.44,2.47
78.45,2.46
78.46,4.35
78.47,3.99
78.48,3.09
78.49,2.49
78.5,2.19
78.51,3.01
78.52,2.21
78.53,2.68
78.54,2.45
78.55,2.08
78.56,2.47
78.57,6.89
78.58,2.07
78.59,1.6
78.6,1.53
78.61,2.57
78.62,1.66
78.63,1.54
78.64,3.04
78.65,7.57
78.66,9.12
78.67,5.51
78.68,3.73
78.69,2.95
78.7,2.1
78.71,2.42
78.72,2.84
78.73,2.66
78.74,2.81
78.75,1.49
78.76,2.39
78.77,3.24
78.78,2.87
78.79,2.39
78.8,2.02
78.81,2.2
78.82,3.11
78.83,2.39
78.84,1.77
78.85,4.38
78.86,4.27
78.87,2.97
78.88,2.59
78.89,2.37
78.9,2.43
78.91,2.52
78.92,3.82
78.93,2.29
78.94,1.41
78.95,2.26
78.96,3.12
78.97,1.94
78.98,0.69
78.99,-0.44
79.0,9.4
79.01,7.77
79.02,5.4
79.03,2.24
79.04,1.85
79.05,3.05
79.06,1.94
79.07,2.39
79.08,1.97
79.09,2.25
79.1,2.81
79.11,6.82
79.12,3.55
79.13,1.08
79.14,1.79
79.15,2.32
79.16,3.27
79.17,3.39
79.18,4.44
79.19,3.53
79.2,2.72
79.21,2.56
79.22,2.27
79.23,1.9
79.24,1.5
79.25,1.87
79.26,4.42
79.27,4.55
79.28,2.95
79.29,3.88
79.3,2.48
79.31,3.2
79.32,2.45
79.33,4.34
79.34,8.44
79.35,10.15
79.36,5.89
79.37,3.81
79.38,3.88
79.39,3.01
79.4,3.34
79.41,2.9
79.42,3.28
79.43,3.27
79.44,2.73
79.45,2.92
79.46,3.28
79.47,1.8
79.48,1.74
79.49,2.26
79.5,2.52
79.51,2.31
79.52,2.09
79.53,1.99
79.54,2.54
79.55,2.2
79.56,2.31
79.57,1.81
79.58,1.94
79.59,3.29
79.6,1.82
79.61,2.88
79.62,3.13
79.63,2.82
79.64,2.61
79.65,2.5
79.66,2.3
79.67,4.69
79.68,13.74
79.69,0.87
79.7,1.22
79.71,0.23
79.72,1.55
79.73,5.53
79.74,7.84
79.75,7.89
79.76,8.55
79.77,4.16
79.78,3.72
79.79,2.61
79.8,3.36
79.81,2.45
79.82,2.48
79.83,2.77
79.84,2.58
79.85,2.36
79.86,2.32
79.87,2.47
79.88,3.01
79.89,2.48
79.9,3.8
79.91,2.26
79.92,1.86
79.93,1.34
79.94,2.14
79.95,2.14
79.96,2.5
79.97,2.88
79.98,2.61
79.99,1.93
80.0,2.08
80.01,2.29
80.02,2.35
80.03,2.38
80.04,2.36
80.05,2.47
80.06,2.62
80.07,0.83
80.08,3.17
80.09,7.59
80.1,7.98
80.11,4.86
80.12,5.69
80.13,5.24
80.14,3.25
80.15,2.77
80.16,2.72
80.17,2.44
80.18,2.48
80.19,2.12
80.2,2.16
80.21,2.22
80.22,2.53
80.23,2.63
80.24,5.48
80.25,0.76
80.26,1.45
80.27,1.87
80.28,2.6
80.29,2.35
80.3,2.23
80.31,2.34
80.32,2.35
80.33,2.52
80.34,2.4
80.35,2.16
80.36,2.3
80.37,2.52
80.38,2.15
80.39,1.18
80.4,4.11
80.41,4.51
80.42,8.73
80.43,4.58
80.44,3.53
80.45,2.93
80.46,2.6
80.47,4.2
80.48,4.26
80.49,2.65
80.5,2.31
80.51,2.2
80.52,2.35
80.53,2.57
80.54,2.64
80.55,2.73
80.56,2.92
80.57,2.36
80.58,1.82
80.59,2.21
80.6,2.2
80.61,2.1
80.62,2.31
80.63,1.99
80.64,1.97
80.65,2.24
80.66,2.33
80.67,2.88
80.68,3.15
80.69,1.98
80.7,2.11
80.71,0.2
80.72,1.43
80.73,5.93
80.74,8.07
80.75,1.27
80.76,1.63
80.77,1.28
80.78,1.28
80.79,1.5
80.8,2.26
80.81,2.72
80.82,2.49
80.83,4.54
80.84,4.4
80.85,3.37
80.86,3.98
80.87,3.56
80.88,3.51
80.89,2.49
80.9,2.66
80.91,3.57
80.92,4.16
80.93,1.75
80.94,1.03
80.95,1.24
80.96,1.42
80.97,1.57
80.98,1.47
80.99,1.62
81.0,1.84
81.01,2.18
81.02,1.74
81.03,0.79
81.04,-0.51
81.05,10.23
81.06,4.48
81.07,2.06
81.08,2.32
81.09,3.08
81.1,2.76
81.11,2.61
81.12,2.19
81.13,2.45
81.14,2.48
81.15,2.33
81.16,2.38
81.17,3.97
81.18,2.29
81.19,2.12
81.2,4.95
81.21,3.59
81.22,3.21
81.23,10.41
81.24,1.33
81.25,1.91
81.26,2.14
81.27,2.2
81.28,2.92
81.29,1.66
81.3,2.39
81.31,2.3
81.32,2.55
81.33,2.18
81.34,1.29
81.35,-0.51
81.36,6.54
81.37,7.65
81.38,3.62
81.39,2.58
81.4,3.09
81.41,3.19
81.42,3.55
81.43,1.98
81.44,2.09
81.45,2.13
81.46,2.66
81.47,2.24
81.48,2.65
81.49,5.38
81.5,3.01
81.51,1.71
81.52,1.14
81.53,1.12
81.54,2.24
81.55,2.48
81.56,1.54
81.57,2.73
81.58,5.66
81.59,3.66
81.6,2.64
81.61,2.47
81.62,2.46
81.63,2.38
81.64,1.1
81.65,0.31
81.66,2.02
81.67,8.8
81.68,7.68
81.69,4.08
81.7,4.64
81.71,2.12
81.72,0.46
81.73,1.38
81.74,1.6
81.75,1.77
81.76,3.73
81.77,1.69
81.78,2.66
81.79,2.5
81.8,2.64
81.81,2.6
81.82,2.5
81.83,2.19
81.84,2.14
81.85,2.34
81.86,2.37
81.87,1.25
81.88,3.84
81.89,3.9
81.9,2.24
81.91,1.6
81.92,2.27
81.93,1.8
81.94,2.41
81.95,3.73
81.96,2.07
81.97,-0.3
81.98,1.99
81.99,12.32
82.0,5.57
82.01,4.18
82.02,3.49
82.03,2.98
82.04,3.78
82.05,1.43
82.06,1.77
82.07,2.57
82.08,2.25
82.09,2.21
82.1,1.98
82.11,2.81
82.12,2.76
82.13,2.29
82.14,2.11
82.15,2.66
82.16,2.63
82.17,3.3
82.18,1.92
82.19,1.87
82.2,2.18
82.21,2.01
82.22,2.16
82.23,8.57
82.24,0.8
82.25,1.42
82.26,2.27
82.27,2.46
82.28,1.99
82.29,2.92
82.3,2.58
82.31,1.15
82.32,2.97
82.33,-0.37
82.34,4.66
82.35,13.46
82.36,13.78
82.37,8.41
82.38,5.55
82.39,4.86
82.4,2.94
82.41,3.48
82.42,2.3
82.43,3.2
82.44,2.72
82.45,3.82
82.46,6.76
82.47,2.98
82.48,1.89
82.49,4.11
82.5,1.82
82.51,1.94
82.52,1.76
82.53,0.85
82.54,1.84
82.55,2.08
82.56,3.27
82.57,2.17
82.58,2.65
82.59,2.54
82.6,2.24
82.61,1.98
82.62,2.11
82.63,3.47
82.64,2.59
82.65,4.33
82.66,1.37
82.67,2.01
82.68,3.32
82.69,2.89
82.7,2.36
82.71,2.4
82.72,1.33
82.73,0.33
82.74,1.19
82.75,8.88
82.76,5.69
82.77,3.53
82.78,3.56
82.79,3.07
82.8,5.22
82.81,3.12
82.82,2.54
82.83,2.67
82.84,9.98
82.85,0.78
82.86,1.52
82.87,1.88
82.88,2.07
82.89,3.62
82.9,2.16
82.91,2.05
82.92,2.09
82.93,1.81
82.94,2.71
82.95,2.45
82.96,2.66
82.97,2.23
82.98,1.91
82.99,3.42
83.0,3.85
83.01,1.91
83.02,4.89
83.03,4.86
83.04,1.65
83.05,3.88
83.06,0.22
83.07,5.87
83.08,107.95
83.09,2.06
83.1,0.65
83.11,1.65
83.12,1.35
83.13,0.92
83.14,1.79
83.15,2.19
83.16,1.98
83.17,2.02
83.18,0.71
83.19,1.23
83.2,1.21
83.21,2.29
83.22,2.03
83.23,1.97
83.24,2.17
83.25,2.42
83.26,2.67
83.27,2.23
83.28,2.28
83.29,4.0
83.3,1.95
83.31,2.84
83.32,2.45
83.33,2.12
83.34,2.12
83.35,8.65
83.36,1.36
83.37,2.85
83.38,1.66
83.39,-0.42
83.4,1.56
83.41,8.64
83.42,4.78
83.43,3.6
83.44,2.09
83.45,2.48
83.46,2.23
83.47,2.48
83.48,2.24
83.49,2.26
83.5,2.78
83.51,2.39
83.52,2.52
83.53,1.77
83.54,4.63
83.55,3.38
83.56,5.99
83.57,2.76
83.58,4.24
83.59,3.49
83.6,4.21
83.61,1.79
83.62,1.21
83.63,1.66
83.64,1.83
83.65,1.46
83.66,1.74
83.67,2.45
83.68,3.11
83.69,3.14
83.7,2.7
83.71,4.11
83.72,2.66
83.73,1.2
83.74,1.21
83.75,0.35
83.76,3.6
83.77,8.72
83.78,9.86
83.79,5.13
83.8,3.08
83.81,3.08
83.82,2.83
83.83,2.37
83.84,2.8
83.85,3.01
83.86,2.12
83.87,1.98
83.88,2.15
83.89,2.62
83.9,2.01
83.91,2.2
83.92,3.95
83.93,3.39
83.94,1.33
83.95,1.9
83.96,2.16
83.97,2.11
83.98,2.94
83.99,2.27
84.0,3.6
84.01,4.89
84.02,3.81
84.03,2.54
84.04,3.01
84.05,3.0
84.06,2.76
84.07,2.14
84.08,2.27
84.09,2.87
84.1,2.93
84.11,2.29
84.12,2.03
84.13,1.15
84.14,1.11
84.15,5.64
84.16,10.58
84.17,5.43
84.18,3.13
84.19,2.3
84.2,4.16
84.21,1.86
84.22,1.99
84.23,2.06
84.24,2.49
84.25,2.16
84.26,2.02
84.27,2.45
84.28,2.38
84.29,2.15
84.3,2.59
84.31,4.85
84.32,2.41
84.33,1.5
84.34,2.03
84.35,2.21
84.36,2.38
84.37,3.52
84.38,2.57
84.39,2.08
84.4,2.66
84.41,2.69
84.42,2.78
84.43,3.3
84.44,3.56
84.45,3.72
84.46,2.51
84.47,2.29
84.48,1.57
84.49,1.87
84.5,0.17
84.51,6.77
84.52,8.75
84.53,5.73
84.54,5.37
84.55,3.11
84.56,4.03
84.57,2.17
84.58,2.23
84.59,2.36
84.6,2.29
84.61,1.98
84.62,2.04
84.63,2.0
84.64,2.17
84.65,2.98
84.66,2.57
84.67,2.77
84.68,1.68
84.69,4.94
84.7,4.1
84.71,1.46
84.72,1.81
84.73,2.35
84.74,3.59
84.75,2.1
84.76,1.85
84.77,2.57
84.78,2.55
84.79,2.79
84.8,2.48
84.81,2.37
84.82,1.26
84.83,-0.1
84.84,6.68
84.85,7.95
84.86,4.27
84.87,3.16
84.88,2.68
84.89,2.47
84.9,2.25
84.91,2.07
84.92,2.6
84.93,2.63
84.94,2.84
84.95,3.82
84.96,2.09
84.97,1.82
84.98,3.04
84.99,2.24
85.0,2.3
85.01,5.89
85.02,1.23
85.03,1.81
85.04,1.96
85.05,2.14
85.06,3.82
85.07,1.97
85.08,2.28
85.09,2.26
85.1,2.28
85.11,2.14
85.12,1.94
85.13,1.56
85.14,1.89
85.15,-0.07
85.16,4.23
85.17,11.24
85.18,4.72
85.19,5.16
85.2,3.25
85.21,4.45
85.22,5.9
85.23,2.78
85.24,3.04
85.25,2.45
85.26,2.47
85.27,3.52
85.28,3.52
85.29,1.64
85.3,2.27
85.31,2.59
85.32,3.6
85.33,3.09
85.34,2.57
85.35,2.87
85.36,2.21
85.37,2.92
85.38,2.5
85.39,2.74
85.4,2.43
85.41,2.57
85.42,3.98
85.43,1.22
85.44,1.45
85.45,1.86
85.46,2.01
85.47,2.14
85.48,2.29
85.49,2.4
85.5,2.22
85.51,2.11
85.52,2.06
85.53,2.22
85.54,1.77
85.55,0.89
85.56,4.97
85.57,9.94
85.58,5.36
85.59,4.01
85.6,2.0
85.61,1.77
85.62,2.17
85.63,2.23
85.64,3.2
85.65,2.65
85.66,4.37
85.67,2.97
85.68,2.47
85.69,2.92
85.7,2.66
85.71,2.23
85.72,1.9
85.73,1.95
85.74,2.02
85.75,2.02
85.76,1.73
85.77,3.67
85.78,3.95
85.79,2.31
85.8,1.76
85.81,3.16
85.82,2.96
85.83,1.97
85.84,1.6
85.85,1.19
85.86,0.76
85.87,-0.1
85.88,2.54
85.89,11.21
85.9,5.11
85.91,3.47
85.92,4.57
85.93,2.27
85.94,2.83
85.95,2.14
85.96,2.17
85.97,2.12
85.98,2.23
85.99,2.32
86.0,2.59
86.01,2.45
86.02,3.69
86.03,5.55
86.04,2.43
86.05,2.02
86.06,2.16
86.07,2.81
86.08,2.51
86.09,9.16
86.1,0.88
86.11,1.55
86.12,1.97
86.13,2.32
86.14,3.73
86.15,1.99
86.16,2.03
86.17,1.44
86.18,0.89
86.19,2.17
86.2,12.0
86.21,7.02
86.22,5.18
86.23,4.66
86.24,3.18
86.25,3.9
86.26,1.93
86.27,3.44
86.28,2.63
86.29,1.75
86.3,2.08
86.31,1.95
86.32,2.76
86.33,1.06
86.34,1.62
86.35,2.02
86.36,2.62
86.37,2.42
86.38,2.08
86.39,4.2
86.4,4.03
86.41,4.86
86.42,2.29
86.43,2.05
86.44,2.28
86.45,2.06
86.46,1.93
86.47,1.77
86.48,1.89
86.49,0.99
86.5,0.68
86.51,4.78
86.52,7.87
86.53,9.73
86.54,3.9
86.55,3.84
86.56,3.06
86.57,2.8
86.58,2.87
86.59,1.38
86.6,1.33
86.61,1.51
86.62,1.98
86.63,1.84
86.64,1.79
86.65,1.97
86.66,2.43
86.67,2.22
86.68,2.08
86.69,1.9
86.7,1.89
86.71,1.93
86.72,2.01
86.73,2.23
86.74,2.43
86.75,2.2
86.76,8.18
86.77,5.53
86.78,3.73
86.79,1.65
86.8,2.19
86.81,2.67
86.82,0.24
86.83,1.14
86.84,8.23
86.85,5.1
86.86,2.97
86.87,2.49
86.88,2.5
86.89,2.51
86.9,2.82
86.91,3.41
86.92,1.74
86.93,1.84
86.94,2.04
86.95,2.32
86.96,2.56
86.97,2.33
86.98,2.06
86.99,2.05
87.0,1.92
87.01,1.99
87.02,3.35
87.03,2.21
87.04,2.23
87.05,2.12
87.06,2.0
87.07,2.01
87.08,6.99
87.09,1.78
87.1,2.28
87.11,2.61
87.12,2.6
87.13,2.76
87.14,0.57
87.15,3.11
87.16,10.62
87.17,5.76
87.18,3.93
87.19,2.8
87.2,2.22
87.21,1.96
87.22,2.45
87.23,2.14
87.24,4.67
87.25,2.35
87.26,3.0
87.27,3.09
87.28,1.28
87.29,1.66
87.3,2.05
87.31,3.65
87.32,1.87
87.33,2.11
87.34,2.15
87.35,1.89
87.36,1.97
87.37,2.0
87.38,2.92
87.39,2.72
87.4,4.89
87.41,1.77
87.42,1.98
87.43,1.84
87.44,0.98
87.45,0.62
87.46,4.77
87.47,10.17
87.48,7.67
87.49,6.42
87.5,3.69
87.51,2.78
87.52,2.65
87.53,1.89
87.54,2.18
87.55,2.55
87.56,2.29
87.57,6.55
87.58,1.69
87.59,1.45
87.6,1.61
87.61,2.36
87.62,2.14
87.63,2.6
87.64,2.36
87.65,3.17
87.66,6.12
87.67,3.0
87.68,1.76
87.69,1.54
87.7,1.08
87.71,1.29
87.72,1.47
87.73,1.2
87.74,0.99
87.75,1.03
87.76,1.17
87.77,1.1
87.78,1.67
87.79,1.26
87.8,0.44
87.81,0.27
87.82,12.12
87.83,7.76
87.84,3.78
87.85,2.84
87.86,2.69
87.87,2.35
87.88,2.27
87.89,2.07
87.9,3.36
87.91,3.23
87.92,3.62
87.93,2.31
87.94,3.31
87.95,3.13
87.96,4.32
87.97,1.73
87.98,2.05
87.99,2.04
88.0,2.07
88.01,2.54
88.02,2.05
88.03,2.83
88.04,2.58
88.05,2.64
88.06,2.45
88.07,2.44
88.08,2.22
88.09,2.14
88.1,2.29
88.11,2.09
88.12,2.4
88.13,1.96
88.14,2.06
88.15,2.37
88.16,2.26
88.17,2.26
88.18,8.53
88.19,1.67
88.2,0.04
88.21,1.37
88.22,8.57
88.23,6.76
88.24,3.1
88.25,2.18
88.26,2.39
88.27,2.94
88.28,5.31
88.29,3.86
88.3,3.18
88.31,2.61
88.32,3.1
88.33,2.69
88.34,4.32
88.35,1.59
88.36,1.78
88.37,1.61
88.38,1.5
88.39,2.01
88.4,2.27
88.41,2.26
88.42,1.39
88.43,1.69
88.44,1.96
88.45,2.07
88.46,2.83
88.47,2.52
88.48,2.3
88.49,1.95
88.5,2.41
88.51,-0.07
88.52,3.62
88.53,7.26
88.54,7.28
88.55,4.44
88.56,4.3
88.57,2.84
88.58,2.29
88.59,2.0
88.6,2.08
88.61,2.52
88.62,2.49
88.63,2.25
88.64,2.34
88.65,2.33
88.66,2.6
88.67,5.81
88.68,3.02
88.69,1.7
88.7,1.86
88.71,1.85
88.72,2.54
88.73,1.83
88.74,1.75
88.75,2.17
88.76,2.45
88.77,2.74
88.78,2.18
88.79,2.11
88.8,1.98
88.81,2.08
88.82,1.51
88.83,0.52
88.84,1.09
88.85,9.77
88.86,7.08
88.87,3.3
88.88,1.49
88.89,1.77
88.9,2.66
88.91,2.24
88.92,2.22
88.93,2.14
88.94,1.96
88.95,2.01
88.96,1.89
88.97,2.05
88.98,2.13
88.99,3.7
89.0,3.39
89.01,1.8
89.02,2.23
89.03,4.48
89.04,2.83
89.05,2.17
89.06,2.25
89.07,2.62
89.08,2.67
89.09,2.17
89.1,2.2
89.11,3.37
89.12,1.94
89.13,1.75
89.14,2.07
89.15,2.22
89.16,9.42
89.17,8.99
89.18,2.31
89.19,1.22
89.2,4.29
89.21,3.95
89.22,2.75
89.23,2.12
89.24,2.23
89.25,1.76
89.26,2.06
89.27,2.56
89.28,2.71
89.29,2.7
89.3,2.34
89.31,2.11
89.32,1.9
89.33,3.4
89.34,1.64
89.35,1.42
89.36,3.0
89.37,2.32
89.38,2.19
89.39,2.23
89.4,5.37
89.41,2.34
89.42,2.44
89.43,3.66
89.44,2.71
89.45,1.38
89.46,0.61
89.47,4.91
89.48,8.59
89.49,6.74
89.5,3.09
89.51,2.7
89.52,2.51
89.53,2.39
89.54,2.55
89.55,2.31
89.56,2.47
89.57,2.57
89.58,2.43
89.59,2.38
89.6,2.08
89.61,1.87
89.62,1.68
89.63,1.81
89.64,2.24
89.65,2.29
89.66,4.99
89.67,2.37
89.68,1.04
89.69,1.62
89.7,2.02
89.71,3.35
89.72,2.84
89.73,2.08
89.74,1.92
89.75,1.99
89.76,2.18
89.77,1.2
89.78,2.01
89.79,6.15
89.8,7.73
89.81,7.41
89.82,4.7
89.83,3.06
89.84,2.24
89.85,2.9
89.86,3.22
89.87,1.75
89.88,1.95
89.89,2.06
89.9,3.03
89.91,1.97
89.92,2.24
89.93,2.45
89.94,2.35
89.95,2.15
89.96,1.95
89.97,2.08
89.98,2.04
89.99,2.74
90.0,2.71
90.01,2.42
90.02,2.25
90.03,2.24
90.04,2.79
90.05,2.29
90.06,2.37
90.07,2.64
90.08,2.53
90.09,1.34
90.1,0.25
90.11,1.49
90.12,6.78
90.13,5.0
90.14,3.31
90.15,3.03
90.16,5.41
90.17,3.44
90.18,1.32
90.19,1.79
90.2,2.14
90.21,3.11
90.22,2.41
90.23,2.11
90.24,1.94
90.25,1.98
90.26,1.95
90.27,2.13
90.28,2.74
90.29,2.36
90.3,3.18
90.31,3.14
90.32,2.51
90.33,1.55
90.34,3.18
90.35,2.56
90.36,3.17
90.37,1.88
90.38,2.05
90.39,2.75
90.4,1.04
90.41,0.78
90.42,4.5
90.43,6.33
90.44,6.57
90.45,4.07
90.46,2.81
90.47,2.84
90.48,3.03
90.49,1.93
90.5,1.54
90.51,1.82
90.52,2.29
90.53,4.16
90.54,3.34
90.55,2.43
90.56,2.61
90.57,2.52
90.58,2.6
90.59,3.45
90.6,3.21
90.61,3.36
90.62,2.84
90.63,3.67
90.64,1.72
90.65,2.94
90.66,2.34
90.67,2.79
90.68,2.42
90.69,2.47
90.7,2.41
90.71,2.43
90.72,5.1
90.73,1.45
90.74,1.79
90.75,2.23
90.76,3.97
90.77,1.17
90.78,1.08
90.79,5.86
90.8,8.66
90.81,7.96
90.82,3.27
90.83,3.21
90.84,2.72
90.85,2.24
90.86,2.45
90.87,2.47
90.88,3.22
90.89,1.94
90.9,2.34
90.91,1.61
90.92,2.67
90.93,2.41
90.94,5.13
90.95,5.23
90.96,3.49
90.97,2.47
90.98,2.66
90.99,1.96
91.0,2.66
91.01,2.29
91.02,2.39
91.03,1.81
91.04,2.68
91.05,3.17
91.06,1.61
91.07,2.32
91.08,2.91
91.09,1.88
91.1,1.91
91.11,1.55
91.12,1.29
91.13,0.27
91.14,4.33
91.15,7.04
91.16,8.38
91.17,5.31
91.18,4.73
91.19,2.27
91.2,1.96
91.21,2.72
91.22,2.45
91.23,2.34
91.24,2.36
91.25,1.22
91.26,1.4
91.27,1.66
91.28,2.32
91.29,2.29
91.3,3.33
91.31,2.14
91.32,2.31
91.33,2.56
91.34,3.07
91.35,5.38
91.36,3.07
91.37,3.32
91.38,2.61
91.39,2.23
91.4,2.28
91.41,2.49
91.42,2.76
91.43,3.91
91.44,1.76
91.45,3.57
91.46,3.99
91.47,1.8
91.48,0.86
91.49,0.19
91.5,4.96
91.51,11.13
91.52,6.03
91.53,4.1
91.54,3.05
91.55,2.21
91.56,2.59
91.57,2.23
91.58,3.12
91.59,2.96
91.6,2.98
91.61,3.28
91.62,3.9
91.63,1.75
91.64,1.44
91.65,2.48
91.66,2.37
91.67,2.18
91.68,2.41
91.69,2.15
91.7,2.3
91.71,1.9
91.72,2.64
91.73,2.29
91.74,2.67
91.75,2.08
91.76,1.98
91.77,4.25
91.78,4.72
91.79,2.99
91.8,2.18
91.81,3.59
91.82,3.32
91.83,1.05
91.84,0.94
91.85,1.16
91.86,0.35
91.87,1.77
91.88,9.8
91.89,6.29
91.9,4.48
91.91,4.06
91.92,3.31
91.93,2.33
91.94,2.85
91.95,2.13
91.96,1.93
91.97,2.67
91.98,2.48
91.99,2.12
92.0,2.79
92.01,1.78
92.02,2.58
92.03,2.96
92.04,2.09
92.05,1.28
92.06,2.35
92.07,2.11
92.08,2.73
92.09,1.46
92.1,2.5
92.11,2.12
92.12,1.93
92.13,2.06
92.14,2.48
92.15,2.11
92.16,1.82
92.17,2.57
92.18,4.06
92.19,4.0
92.2,3.1
92.21,2.09
92.22,0.19
92.23,1.6
92.24,8.21
92.25,7.09
92.26,3.73
92.27,3.37
92.28,2.52
92.29,1.97
92.3,2.58
92.31,3.32
92.32,2.83
92.33,2.19
92.34,1.74
92.35,2.42
92.36,2.18
92.37,2.02
92.38,3.04
92.39,0.91
92.4,1.78
92.41,1.67
92.42,2.46
92.43,2.14
92.44,2.69
92.45,1.75
92.46,2.32
92.47,2.06
92.48,2.62
92.49,2.3
92.5,2.02
92.51,2.61
92.52,2.45
92.53,2.17
92.54,3.07
92.55,2.33
92.56,2.9
92.57,1.78
92.58,2.08
92.59,0.9
92.6,7.17
92.61,8.4
92.62,6.19
92.63,3.41
92.64,4.47
92.65,2.09
92.66,1.87
92.67,1.82
92.68,2.7
92.69,2.37
92.7,2.26
92.71,1.88
92.72,2.42
92.73,2.56
92.74,2.94
92.75,3.39
92.76,1.84
92.77,2.05
92.78,1.65
92.79,2.45
92.8,2.05
92.81,2.53
92.82,2.12
92.83,2.59
92.84,2.19
92.85,2.62
92.86,2.4
92.87,2.21
92.88,3.04
92.89,1.95
92.9,2.06
92.91,1.88
92.92,3.01
92.93,2.23
92.94,3.06
92.95,0.92
92.96,6.99
92.97,5.75
92.98,3.97
92.99,2.55
93.0,2.37
93.01,106.16
93.02,1.98
93.03,1.39
93.04,1.33
93.05,1.52
93.06,1.21
93.07,1.17
93.08,1.03
93.09,1.02
93.1,1.41
93.11,2.23
93.12,1.57
93.13,2.45
93.14,2.63
93.15,3.23
93.16,1.39
93.17,1.56
93.18,2.17
93.19,3.31
93.2,1.95
93.21,2.14
93.22,1.84
93.23,2.69
93.24,2.11
93.25,2.38
93.26,1.94
93.27,3.32
93.28,1.19
93.29,0.79
93.3,1.35
93.31,8.84
93.32,6.79
93.33,4.35
93.34,3.58
93.35,2.39
93.36,2.72
93.37,2.09
93.38,2.57
93.39,2.08
93.4,2.42
93.41,2.24
93.42,2.63
93.43,3.42
93.44,1.9
93.45,4.34
93.46,6.34
93.47,3.75
93.48,2.91
93.49,2.91
93.5,9.53
93.51,0.64
93.52,1.81
93.53,1.81
93.54,2.09
93.55,2.14
93.56,2.13
93.57,3.01
93.58,2.35
93.59,2.11
93.6,2.4
93.61,2.26
93.62,2.98
93.63,2.13
93.64,2.94
93.65,2.46
93.66,4.28
93.67,2.89
93.68,3.09
93.69,1.33
93.7,1.57
93.71,6.01
93.72,7.86
93.73,3.3
93.74,4.89
93.75,2.25
93.76,1.29
93.77,1.86
93.78,1.81
93.79,120.58
93.8,1.13
93.81,1.07
93.82,1.83
93.83,2.79
93.84,1.59
93.85,1.02
93.86,1.29
93.87,0.36
93.88,0.91
93.89,1.15
93.9,1.07
93.91,2.01
93.92,1.92
93.93,2.08
93.94,2.25
93.95,2.59
93.96,2.02
93.97,2.61
93.98,1.42
93.99,1.08
94.0,0.9
94.01,2.98
94.02,7.58
94.03,7.81
94.04,8.16
94.05,5.14
94.06,1.15
94.07,3.05
94.08,3.03
94.09,2.52
94.1,3.59
94.11,1.66
94.12,1.95
94.13,2.2
94.14,2.42
94.15,2.44
94.16,2.1
94.17,2.38
94.18,4.11
94.19,3.69
94.2,3.42
94.21,2.4
94.22,3.64
94.23,2.0
94.24,4.22
94.25,3.8
94.26,1.67
94.27,2.03
94.28,1.88
94.29,2.0
94.3,2.22
94.31,1.85
94.32,2.53
94.33,1.5
94.34,0.62
94.35,1.57
94.36,5.55
94.37,5.71
94.38,4.49
94.39,4.24
94.4,2.9
94.41,2.14
94.42,2.08
94.43,2.01
94.44,2.15
94.45,1.95
94.46,2.04
94.47,2.44
94.48,2.7
94.49,2.65
94.5,3.47
94.51,2.66
94.52,2.37
94.53,2.06
94.54,2.4
94.55,2.47
94.56,7.74
94.57,3.0
94.58,4.27
94.59,2.84
94.6,2.48
94.61,3.49
94.62,2.05
94.63,2.54
94.64,2.52
94.65,1.06
94.66,0.95
94.67,3.13
94.68,9.65
94.69,5.89
94.7,5.04
94.71,4.49
94.72,4.63
94.73,2.41
94.74,4.0
94.75,2.08
94.76,1.53
94.77,1.97
94.78,2.2
94.79,3.0
94.8,1.68
94.81,1.68
94.82,1.87
94.83,2.2
94.84,2.4
94.85,2.56
94.86,2.71
94.87,2.69
94.88,3.5
94.89,1.93
94.9,1.87
94.91,2.09
94.92,2.29
94.93,2.06
94.94,2.09
94.95,2.14
94.96,1.98
94.97,0.9
94.98,6.16
94.99,9.31
95.0,7.62
95.01,3.8
95.02,2.85
95.03,2.71
95.04,2.27
95.05,2.39
95.06,4.64
95.07,1.46
95.08,1.82
95.09,2.04
95.1,2.07
95.11,1.51
95.12,1.67
95.13,2.18
95.14,2.43
95.15,2.66
95.16,2.3
95.17,2.24
95.18,2.21
95.19,1.92
95.2,2.09
95.21,2.37
95.22,2.33
95.23,3.38
95.24,4.68
95.25,3.32
95.26,1.9
95.27,1.91
95.28,1.41
95.29,0.91
95.3,0.98
95.31,4.27
95.32,6.51
95.33,6.7
95.34,5.23
95.35,3.31
95.36,2.89
95.37,2.81
95.38,4.32
95.39,2.8
95.4,2.33
95.41,2.09
95.42,2.33
95.43,2.17
95.44,2.52
95.45,2.81
95.46,2.92
95.47,2.73
95.48,1.88
95.49,2.47
95.5,2.41
95.51,2.08
95.52,2.45
95.53,2.48
95.54,2.96
95.55,7.55
95.56,1.65
95.57,1.74
95.58,2.18
95.59,2.43
95.6,2.16
95.61,0.47
95.62,3.89
95.63,9.53
95.64,5.02
95.65,3.32
95.66,2.68
95.67,2.41
95.68,2.1
95.69,2.69
95.7,4.6
95.71,5.28
95.72,3.51
95.73,3.17
95.74,2.0
95.75,2.28
95.76,2.11
95.77,2.33
95.78,3.26
95.79,1.47
95.8,1.99
95.81,2.67
95.82,2.13
95.83,2.71
95.84,2.8
95.85,2.17
95.86,1.9
95.87,3.76
95.88,2.47
95.89,1.94
95.9,2.32
95.91,1.6
95.92,1.22
95.93,3.42
95.94,6.69
95.95,8.07
95.96,5.5
95.97,3.73
95.98,2.5
95.99,2.52
96.0,1.51
96.01,1.82
96.02,2.06
96.03,2.43
96.04,2.44
96.05,1.94
96.06,1.95
96.07,4.32
96.08,2.48
96.09,2.48
96.1,2.87
96.11,2.44
96.12,3.43
96.13,3.28
96.14,2.67
96.15,2.61
96.16,2.43
96.17,2.7
96.18,2.33
96.19,2.45
96.2,2.51
96.21,3.42
96.22,3.09
96.23,2.1
96.24,5.3
96.25,1.8
96.26,1.65
96.27,0.42
96.28,1.54
96.29,6.73
96.3,9.2
96.31,6.17
96.32,6.11
96.33,3.45
96.34,3.24
96.35,2.61
96.36,2.91
96.37,2.33
96.38,2.43
96.39,2.45
96.4,2.53
96.41,2.53
96.42,2.18
96.43,2.39
96.44,2.69
96.45,4.04
96.46,3.25
96.47,1.39
96.48,1.93
96.49,2.08
96.5,3.06
96.51,2.54
96.52,5.1
96.53,5.23
96.54,3.1
96.55,2.15
96.56,2.36
96.57,2.27
96.58,1.97
96.59,2.23
96.6,2.59
96.61,2.53
96.62,2.13
96.63,1.11
96.64,-0.13
96.65,2.75
96.66,6.8
96.67,7.63
96.68,5.27
96.69,3.1
96.7,2.57
96.71,2.46
96.72,1.96
96.73,2.2
96.74,2.41
96.75,2.59
96.76,2.91
96.77,3.23
96.78,3.36
96.79,3.83
96.8,2.49
96.81,2.63
96.82,3.68
96.83,1.88
96.84,1.58
96.85,2.27
96.86,1.8
96.87,1.51
96.88,1.94
96.89,4.73
96.9,4.83
96.91,3.46
96.92,2.78
96.93,2.76
96.94,1.96
96.95,1.73
96.96,1.13
96.97,1.85
96.98,4.73
96.99,5.79
97.0,3.63
97.01,2.42
97.02,2.09
97.03,2.17
97.04,2.28
97.05,2.47
97.06,2.86
97.07,2.74
97.08,3.02
97.09,2.4
97.1,2.27
97.11,2.4
97.12,6.95
97.13,1.94
97.14,1.69
97.15,2.29
97.16,2.37
97.17,3.02
97.18,1.95
97.19,2.41
97.2,2.58
97.21,2.06
97.22,2.11
97.23,1.96
97.24,1.94
97.25,2.07
97.26,2.14
97.27,1.45
97.28,0.57
97.29,8.88
97.3,9.38
97.31,7.39
97.32,5.1
97.33,2.81
97.34,2.68
97.35,3.58
97.36,3.01
97.37,2.84
97.38,1.78
97.39,1.96
97.4,2.24
97.41,2.5
97.42,2.42
97.43,2.25
97.44,3.8
97.45,2.59
97.46,1.55
97.47,2.01
97.48,2.36
97.49,2.7
97.5,4.31
97.51,3.41
97.52,1.92
97.53,2.01
97.54,2.02
97.55,2.28
97.56,3.54
97.57,2.06
97.58,1.58
97.59,0.94
97.6,3.34
97.61,7.44
97.62,6.47
97.63,2.55
97.64,2.61
97.65,3.09
97.66,3.43
97.67,5.6
97.68,4.49
97.69,2.9
97.7,2.63
97.71,2.67
97.72,3.12
97.73,3.0
97.74,2.8
97.75,3.0
97.76,2.39
97.77,2.5
97.78,2.43
97.79,1.88
97.8,3.62
97.81,3.33
97.82,1.69
97.83,1.77
97.84,1.96
97.85,2.74
97.86,1.71
97.87,2.29
97.88,2.45
97.89,2.64
97.9,2.08
97.91,1.26
97.92,1.59
97.93,4.03
97.94,6.92
97.95,5.88
97.96,3.25
97.97,2.49
97.98,2.37
97.99,2.46
98.0,2.71
98.01,2.79
98.02,4.04
98.03,5.74
98.04,2.84
98.05,2.32
98.06,2.87
98.07,2.11
98.08,2.29
98.09,2.26
98.1,2.4
98.11,6.75
98.12,4.74
98.13,1.55
98.14,2.26
98.15,2.59
98.16,3.0
98.17,3.13
98.18,1.9
98.19,1.96
98.2,2.29
98.21,2.49
98.22,2.09
98.23,0.59
98.24,-0.65
98.25,10.16
98.26,5.65
98.27,3.06
98.28,5.67
98.29,3.91
98.3,3.92
98.31,1.93
98.32,2.14
98.33,2.27
98.34,2.75
98.35,3.23
98.36,2.33
98.37,2.08
98.38,2.42
98.39,2.52
98.4,2.75
98.41,4.77
98.42,4.85
98.43,3.4
98.44,2.74
98.45,2.64
98.46,3.9
98.47,2.82
98.48,2.06
98.49,2.04
98.5,2.29
98.51,2.77
98.52,2.35
98.53,2.42
98.54,2.83
98.55,2.43
98.56,2.65
98.57,2.57
98.58,2.41
98.59,0.69
98.6,8.04
98.61,9.14
98.62,5.4
98.63,3.49
98.64,2.76
98.65,3.0
98.66,1.17
98.67,2.13
98.68,2.18
98.69,2.78
98.7,2.81
98.71,1.9
98.72,2.2
98.73,2.48
98.74,2.3
98.75,2.25
98.76,2.35
98.77,2.96
98.78,2.38
98.79,2.53
98.8,2.98
98.81,4.33
98.82,3.02
98.83,5.09
98.84,2.66
98.85,2.35
98.86,1.97
98.87,2.33
98.88,3.25
98.89,5.3
98.9,2.88
98.91,0.51
98.92,0.67
98.93,5.79
98.94,9.12
98.95,5.72
98.96,3.27
98.97,2.59
98.98,2.23
98.99,1.95
99.0,1.57
99.01,3.14
99.02,1.53
99.03,0.93
99.04,1.14
99.05,1.45
99.06,1.31
99.07,1.41
99.08,2.1
99.09,2.29
99.1,2.19
99.11,2.48
99.12,2.78
99.13,2.79
99.14,2.3
99.15,1.81
99.16,1.78
99.17,1.89
99.18,1.73
99.19,1.93
99.2,2.03
99.21,3.07
99.22,8.95
99.23,1.48
99.24,1.92
99.25,2.22
99.26,2.24
99.27,2.36
99.28,2.66
99.29,2.52
99.3,2.11
99.31,0.86
99.32,3.51
99.33,10.4
99.34,5.08
99.35,3.0
99.36,2.18
99.37,2.02
99.38,2.9
99.39,3.9
99.4,1.83
99.41,3.43
99.42,3.02
99.43,2.7
99.44,1.27
99.45,1.66
99.46,2.48
99.47,2.18
99.48,3.19
99.49,2.04
99.5,2.28
99.51,2.46
99.52,2.72
99.53,3.48
99.54,2.93
99.55,5.82
99.56,4.29
99.57,3.64
99.58,3.39
99.59,0.89
99.6,1.11
99.61,1.1
99.62,1.09
99.63,0.98
99.64,0.42
99.65,-0.28
99.66,0.74
99.67,7.59
99.68,3.75
99.69,4.46
99.7,2.11
99.71,2.42
99.72,2.7
99.73,2.82
99.74,2.84
99.75,7.0
99.76,0.76
99.77,1.35
99.78,1.7
99.79,1.99
99.8,3.47
99.81,2.01
99.82,3.88
99.83,2.63
99.84,2.11
99.85,1.92
99.86,2.08
99.87,2.11
99.88,2.1
99.89,2.88
99.9,2.68
99.91,2.67
99.92,3.68
99.93,6.22
99.94,4.61
99.95,2.09
99.96,1.25
99.97,-0.54
99.98,5.99
99.99,6.8
100.0,3.61
100.01,2.71
100.02,2.43
100.03,2.45
100.04,2.58
100.05,2.4
100.06,2.09
100.07,3.21
100.08,3.4
100.09,1.99
100.1,2.59
100.11,2.58
100.12,3.44
100.13,2.36
100.14,1.9
100.15,2.07
100.16,2.13
100.17,2.53
100.18,2.6
100.19,3.33
100.2,1.96
100.21,2.01
100.22,1.75
100.23,1.87
100.24,2.04
100.25,6.84
100.26,1.34
100.27,1.51
100.28,1.07
100.29,3.13
100.3,14.05
100.31,6.64
100.32,4.17
100.33,3.19
100.34,2.62
100.35,2.27
100.36,2.11
100.37,1.91
100.38,2.03
100.39,2.17
100.4,2.31
100.41,3.96
100.42,2.99
100.43,2.7
100.44,2.2
100.45,1.35
100.46,2.05
100.47,2.47
100.48,2.93
100.49,1.98
100.5,1.93
100.51,1.7
100.52,1.77
100.53,2.13
100.54,2.32
100.55,2.66
100.56,2.42
100.57,3.95
100.58,1.25
100.59,0.81
100.6,0.63
100.61,4.06
100.62,10.47
100.63,6.5
100.64,4.04
100.65,2.4
100.66,2.1
100.67,2.11
100.68,2.59
100.69,4.54
100.7,4.78
100.71,2.76
100.72,2.29
100.73,2.44
100.74,3.84
100.75,0.78
100.76,1.83
100.77,1.91
100.78,2.14
100.79,2.62
100.8,1.46
100.81,1.77
100.82,2.09
100.83,2.9
100.84,2.48
100.85,2.35
100.86,2.04
100.87,2.06
100.88,2.08
100.89,2.71
100.9,3.07
100.91,1.54
100.92,0.96
100.93,1.06
100.94,9.22
100.95,4.23
100.96,3.25
100.97,3.79
100.98,4.4
100.99,2.59
101.0,2.35
101.01,2.33
101.02,2.47
101.03,2.71
101.04,3.31
101.05,4.0
101.06,7.37
101.07,5.24
101.08,2.16
101.09,2.48
101.1,2.6
101.11,2.86
101.12,2.52
101.13,2.3
101.14,2.16
101.15,2.59
101.16,2.68
101.17,2.89
101.18,2.76
101.19,1.93
101.2,2.05
101.21,2.04
101.22,2.03
101.23,1.43
101.24,2.29
101.25,0.37
101.26,10.43
101.27,5.78
101.28,4.14
101.29,3.46
101.3,2.15
101.31,2.46
101.32,2.51
101.33,2.4
101.34,2.12
101.35,1.98
101.36,2.02
101.37,2.26
101.38,2.47
101.39,2.62
101.4,2.37
101.41,2.29
101.42,5.08
101.43,3.63
101.44,2.88
101.45,1.98
101.46,2.39
101.47,2.61
101.48,1.73
101.49,1.82
101.5,1.93
101.51,2.15
101.52,2.31
101.53,2.63
101.54,2.52
101.55,1.69
101.56,0.34
101.57,2.16
101.58,9.21
101.59,5.28
101.6,3.58
101.61,2.82
101.62,2.32
101.63,2.85
101.64,2.37
101.65,2.78
101.66,2.69
101.67,2.89
101.68,3.16
101.69,2.24
101.7,2.44
101.71,3.27
101.72,2.08
101.73,2.31
101.74,2.57
101.75,2.47
101.76,2.64
101.77,2.8
101.78,2.68
101.79,2.97
101.8,2.48
101.81,6.33
101.82,0.68
101.83,1.54
101.84,2.07
101.85,2.18
101.86,2.65
101.87,5.12
101.88,3.22
101.89,2.82
101.9,2.36
101.91,2.64
101.92,2.06
101.93,3.52
101.94,2.8
101.95,1.89
101.96,0.55
101.97,4.47
101.98,11.34
101.99,10.95
102.0,4.88
102.01,4.35
102.02,2.85
102.03,3.28
102.04,2.5
102.05,1.43
102.06,1.7
102.07,2.48
102.08,2.82
102.09,1.26
102.1,1.68
102.11,2.62
102.12,2.57
102.13,2.53
102.14,2.15
102.15,2.13
102.16,2.78
102.17,2.56
102.18,3.75
102.19,1.17
102.2,1.72
102.21,2.64
102.22,2.25
102.23,2.33
102.24,2.11
102.25,2.21
102.26,2.9
102.27,3.17
102.28,2.65
102.29,4.98
102.3,3.54
102.31,2.01
102.32,0.56
102.33,2.38
102.34,13.69
102.35,6.88
102.36,4.49
102.37,7.98
102.38,1.24
102.39,2.0
102.4,2.31
102.41,2.67
102.42,2.82
102.43,1.84
102.44,2.13
102.45,2.42
102.46,2.61
102.47,2.69
102.48,2.48
102.49,2.2
102.5,2.0
102.51,2.07
102.52,2.18
102.53,3.36
102.54,2.15
102.55,5.24
102.56,3.01
102.57,3.03
102.58,1.91
102.59,2.15
102.6,2.6
102.61,1.95
102.62,2.13
102.63,2.55
102.64,2.47
102.65,1.26
102.66,-0.01
102.67,4.1
102.68,12.16
102.69,5.72
102.7,3.49
102.71,8.93
102.72,3.5
102.73,2.37
102.74,1.93
102.75,2.64
102.76,2.48
102.77,2.4
102.78,2.02
102.79,2.51
102.8,2.33
102.81,2.41
102.82,2.42
102.83,2.04
102.84,3.87
102.85,2.14
102.86,2.01
102.87,1.97
102.88,2.8
102.89,2.4
102.9,2.13
102.91,3.84
102.92,2.33
102.93,2.41
102.94,1.97
102.95,2.08
102.96,3.42
102.97,1.92
102.98,2.14
102.99,2.49
103.0,1.66
103.01,-0.3
103.02,5.77
103.03,10.52
103.04,5.43
103.05,4.12
103.06,3.28
103.07,3.11
103.08,1.65
103.09,4.26
103.1,3.83
103.11,3.89
103.12,2.69
103.13,2.69
103.14,3.65
103.15,1.54
103.16,1.52
103.17,1.88
103.18,2.04
103.19,2.98
103.2,2.68
103.21,3.15
103.22,2.36
103.23,3.2
103.24,3.16
103.25,1.52
103.26,2.16
103.27,2.63
103.28,2.42
103.29,2.2
103.3,1.81
103.31,1.62
103.32,1.18
103.33,2.25
103.34,10.08
103.35,8.81
103.36,3.93
103.37,2.62
103.38,2.79
103.39,2.53
103.4,2.63
103.41,6.29
103.42,1.31
103.43,1.66
103.44,2.48
103.45,2.75
103.46,3.61
103.47,1.64
103.48,2.09
103.49,2.02
103.5,2.89
103.51,6.58
103.52,5.17
103.53,3.9
103.54,2.92
103.55,2.48
103.56,2.26
103.57,2.44
103.58,2.46
103.59,2.62
103.6,3.02
103.61,2.43
103.62,2.54
103.63,2.43
103.64,1.27
103.65,1.9
103.66,1.55
103.67,0.29
103.68,4.95
103.69,10.45
103.7,5.72
103.71,3.48
103.72,2.8
103.73,2.81
103.74,2.66
103.75,2.24
103.76,2.79
103.77,1.35
103.78,1.66
103.79,2.04
103.8,2.35
103.81,3.57
103.82,3.01
103.83,2.58
103.84,2.51
103.85,2.27
103.86,2.32
103.87,2.74
103.88,5.33
103.89,3.63
103.9,2.54
103.91,2.47
103.92,3.76
103.93,1.76
103.94,1.0
103.95,2.03
103.96,2.46
103.97,2.47
103.98,2.13
103.99,0.5
104.0,4.3
104.01,9.0
104.02,9.42
104.03,6.01
104.04,3.49
104.05,3.31
104.06,3.03
104.07,2.48
104.08,2.73
104.09,2.5
104.1,2.65
104.11,2.61
104.12,3.94
104.13,2.85
104.14,2.75
104.15,2.09
104.16,2.7
104.17,1.29
104.18,1.69
104.19,2.11
104.2,2.0
104.21,4.06
104.22,1.9
104.23,1.67
104.24,2.12
104.25,2.56
104.26,2.43
104.27,2.15
104.28,2.2
104.29,2.98
104.3,5.65
104.31,4.15
104.32,4.55
104.33,2.36
104.34,1.8
104.35,1.9
104.36,2.53
104.37,1.49
104.38,0.72
104.39,2.7
104.4,6.06
104.41,10.6
104.42,5.14
104.43,3.87
104.44,2.46
104.45,2.64
104.46,2.5
104.47,2.33
104.48,3.35
104.49,2.9
104.5,2.36
104.51,2.72
104.52,2.25
104.53,1.34
104.54,1.42
104.55,1.51
104.56,2.72
104.57,2.14
104.58,2.83
104.59,2.42
104.6,3.84
104.61,2.54
104.62,2.2
104.63,2.19
104.64,2.9
104.65,2.45
104.66,2.75
104.67,2.6
104.68,2.71
104.69,2.75
104.7,2.53
104.71,2.66
104.72,2.43
104.73,2.57
104.74,2.37
104.75,2.19
104.76,2.37
104.77,1.23
104.78,4.33
104.79,3.25
104.8,-0.23
104.81,10.43
104.82,8.06
104.83,4.23
104.84,2.72
104.85,2.87
104.86,2.76
104.87,1.65
104.88,2.47
104.89,2.74
104.9,103.76
104.91,2.05
104.92,2.62
104.93,2.2
104.94,0.84
104.95,1.07
104.96,1.28
104.97,1.15
104.98,1.42
104.99,1.49
105.0,1.2
105.01,1.37
105.02,1.36
105.03,1.27
105.04,1.48
105.05,1.98
105.06,4.06
105.07,2.34
105.08,2.4
105.09,2.29
105.1,2.08
105.11,2.76
105.12,2.15
105.13,5.07
105.14,5.21
105.15,1.38
105.16,1.04
105.17,9.45
105.18,5.89
105.19,2.76
105.2,1.66
105.21,1.55
105.22,1.23
105.23,1.33
105.24,1.2
105.25,1.34
105.26,1.41
105.27,1.25
105.28,1.34
105.29,1.62
105.3,2.81
105.31,2.33
105.32,4.87
105.33,1.88
105.34,3.92
105.35,3.86
105.36,1.82
105.37,1.65
105.38,1.79
105.39,1.7
105.4,4.14
105.41,1.5
105.42,1.53
105.43,2.2
105.44,2.46
105.45,2.91
105.46,2.89
105.47,3.05
105.48,2.64
105.49,2.01
105.5,2.51
105.51,1.97
105.52,0.41
105.53,3.66
105.54,9.01
105.55,10.03
105.56,5.0
105.57,3.12
105.58,3.11
105.59,2.69
105.6,2.32
105.61,2.62
105.62,4.18
105.63,3.73
105.64,2.9
105.65,1.96
105.66,2.42
105.67,2.31
105.68,2.04
105.69,2.58
105.7,2.52
105.71,7.78
105.72,1.82
105.73,1.36
105.74,2.23
105.75,2.12
105.76,2.12
105.77,4.14
105.78,2.22
105.79,2.65
105.8,2.78
105.81,3.05
105.82,2.3
105.83,2.18
105.84,2.63
105.85,2.42
105.86,2.22
105.87,2.52
105.88,1.48
105.89,1.34
105.9,4.09
105.91,4.13
105.92,11.41
105.93,6.41
105.94,3.45
105.95,3.14
105.96,2.58
105.97,2.54
105.98,2.83
105.99,1.98
106.0,2.15
106.01,2.48
106.02,2.33
106.03,2.09
106.04,1.94
106.05,4.3
106.06,3.17
106.07,2.82
106.08,3.73
106.09,1.92
106.1,2.89
106.11,2.49
106.12,2.14
106.13,2.22
106.14,2.86
106.15,2.4
106.16,2.29
106.17,1.96
106.18,1.97
106.19,2.79
106.2,2.12
106.21,2.22
106.22,2.0
106.23,0.0
106.24,2.88
106.25,15.54
106.26,3.33
106.27,2.73
106.28,3.33
106.29,2.77
106.3,3.62
106.31,2.04
106.32,2.01
106.33,2.05
106.34,2.2
106.35,2.49
106.36,2.6
106.37,2.36
106.38,2.22
106.39,2.5
106.4,2.81
106.41,4.35
106.42,2.3
106.43,3.4
106.44,4.88
106.45,3.24
106.46,2.19
106.47,2.08
106.48,3.29
106.49,1.79
106.5,2.04
106.51,2.26
106.52,2.13
106.53,1.79
106.54,0.99
106.55,2.5
106.56,12.89
106.57,10.17
106.58,4.39
106.59,2.57
106.6,2.3
106.61,2.17
106.62,2.3
106.63,2.55
106.64,2.72
106.65,2.46
106.66,2.17
106.67,2.19
106.68,3.1
106.69,3.05
106.7,2.06
106.71,2.42
106.72,2.77
106.73,2.41
106.74,2.1
106.75,0.71
106.76,1.19
106.77,1.81
106.78,2.24
106.79,2.7
106.8,2.55
106.81,1.76
106.82,2.12
106.83,2.0
106.84,4.46
106.85,2.2
106.86,1.24
106.87,4.68
106.88,7.96
106.89,7.23
106.9,3.89
106.91,3.05
106.92,2.47
106.93,2.24
106.94,1.89
106.95,1.41
106.96,1.79
106.97,2.85
106.98,2.67
106.99,1.78
107.0,2.34
107.01,2.43
107.02,2.66
107.03,2.43
107.04,2.19
107.05,2.09
107.06,2.59
107.07,3.44
107.08,1.66
107.09,2.11
107.1,2.52
107.11,2.43
107.12,2.23
107.13,2.09
107.14,2.05
107.15,2.19
107.16,2.13
107.17,1.32
107.18,3.26
107.19,5.37
107.2,11.46
107.21,5.38
107.22,3.26
107.23,2.81
107.24,7.47
107.25,1.05
107.26,2.78
107.27,2.47
107.28,2.19
107.29,2.78
107.3,2.0
107.31,2.43
107.32,2.61
107.33,2.38
107.34,2.17
107.35,2.2
107.36,2.7
107.37,2.42
107.38,2.4
107.39,2.42
107.4,3.03
107.41,2.45
107.42,3.31
107.43,4.44
107.44,2.63
107.45,1.77
107.46,4.56
107.47,1.67
107.48,2.72
107.49,2.33
107.5,1.77
107.51,1.84
107.52,2.51
107.53,2.58
107.54,2.83
107.55,3.66
107.56,1.07
107.57,1.48
107.58,0.57
107.59,4.08
107.6,9.26
107.61,6.52
107.62,3.22
107.63,2.27
107.64,5.89
107.65,6.78
107.66,3.88
107.67,3.0
107.68,2.67
107.69,2.62
107.7,2.38
107.71,2.24
107.72,2.15
107.73,2.06
107.74,2.15
107.75,2.94
107.76,2.54
107.77,2.42
107.78,1.73
107.79,1.94
107.8,2.08
107.81,2.26
107.82,2.46
107.83,2.47
107.84,1.55
107.85,2.04
107.86,2.58
107.87,2.41
107.88,117.03
107.89,1.98
107.9,0.57
107.91,4.96
107.92,7.9
107.93,4.62
107.94,2.26
107.95,4.37
107.96,2.81
107.97,1.82
107.98,1.75
107.99,2.62
108.0,0.86
108.01,0.84
108.02,2.34
108.03,1.48
108.04,1.69
108.05,1.94
108.06,2.18
108.07,3.0
108.08,3.06
108.09,2.54
108.1,2.3
108.11,2.25
108.12,2.3
108.13,2.46
108.14,2.54
108.15,3.01
108.16,1.69
108.17,1.68
108.18,1.94
108.19,2.02
108.2,2.3
108.21,1.81
108.22,0.71
108.23,1.05
108.24,6.11
108.25,5.76
108.26,4.24
108.27,2.83
108.28,2.35
108.29,2.52
108.3,2.69
108.31,2.57
108.32,5.11
108.33,2.58
108.34,1.71
108.35,2.3
108.36,2.33
108.37,8.06
108.38,4.2
108.39,2.56
108.4,2.14
108.41,2.16
108.42,2.25
108.43,2.46
108.44,2.48
108.45,2.29
108.46,2.44
108.47,2.4
108.48,3.4
108.49,2.3
108.5,3.88
108.51,2.77
108.52,1.81
108.53,1.06
108.54,-0.11
108.55,4.3
108.56,8.57
108.57,4.07
108.58,3.09
108.59,2.4
108.6,1.99
108.61,2.08
108.62,1.96
108.63,2.1
108.64,4.05
108.65,3.01
108.66,2.55
108.67,2.38
108.68,2.13
108.69,2.42
108.7,2.23
108.71,2.41
108.72,5.59
108.73,4.08
108.74,176.42
108.75,6.27
108.76,3.74
108.77,1.39
108.78,1.19
108.79,1.21
108.8,1.3
108.81,1.28
108.82,1.13
108.83,0.41
108.84,0.34
108.85,0.14
108.86,4.17
108.87,5.97
108.88,7.8
108.89,4.82
108.9,3.1
108.91,2.66
108.92,2.81
108.93,2.71
108.94,2.63
108.95,2.4
108.96,2.22
108.97,3.09
108.98,4.99
108.99,2.56
109.0,2.68
109.01,3.37
109.02,1.91
109.03,2.0
109.04,1.91
109.05,1.77
109.06,1.78
109.07,2.14
109.08,2.38
109.09,2.64
109.1,2.61
109.11,2.41
109.12,2.66
109.13,2.28
109.14,3.02
109.15,2.04
109.16,1.42
109.17,0.51
109.18,2.03
109.19,6.86
109.2,4.92
109.21,2.95
109.22,2.74
109.23,2.69
109.24,2.43
109.25,4.06
109.26,2.76
109.27,2.13
109.28,2.16
109.29,2.4
109.3,2.69
109.31,6.33
109.32,2.74
109.33,1.36
109.34,1.7
109.35,2.06
109.36,3.53
109.37,4.07
109.38,4.34
109.39,3.02
109.4,2.36
109.41,2.29
109.42,2.29
109.43,2.54
109.44,2.87
109.45,2.45
109.46,2.45
109.47,2.52
109.48,1.71
109.49,0.68
109.5,2.01
109.51,7.18
109.52,5.54
109.53,3.19
109.54,3.57
109.55,4.48
109.56,2.68
109.57,1.77
109.58,1.61
109.59,1.44
109.6,1.4
109.61,1.52
109.62,1.22
109.63,1.9
109.64,2.1
109.65,0.62
109.66,1.03
109.67,1.12
109.68,1.16
109.69,5.56
109.7,3.36
109.71,2.69
109.72,2.93
109.73,2.42
109.74,2.11
109.75,3.29
109.76,2.46
109.77,2.15
109.78,2.15
109.79,1.84
109.8,1.14
109.81,0.72
109.82,11.75
109.83,7.47
109.84,3.81
109.85,2.56
109.86,2.42
109.87,1.83
109.88,2.25
109.89,2.64
109.9,2.98
109.91,2.45
109.92,2.22
109.93,2.05
109.94,2.22
109.95,2.4
109.96,2.55
109.97,4.24
109.98,1.79
109.99,1.74
110.0,1.89
110.01,1.68
110.02,2.33
110.03,2.22
110.04,3.25
110.05,1.92
110.06,2.22
110.07,2.24
110.08,2.24
110.09,4.63
110.1,6.3
110.11,3.3
110.12,3.8
110.13,2.75
110.14,3.68
110.15,2.9
110.16,2.3
110.17,1.21
110.18,2.51
110.19,4.06
110.2,9.03
110.21,6.97
110.22,8.14
110.23,4.77
110.24,3.96
110.25,3.93
110.26,3.33
110.27,2.44
110.28,2.37
110.29,2.07
110.3,2.25
110.31,2.49
110.32,2.9
110.33,2.6
110.34,2.06
110.35,2.07
110.36,2.15
110.37,2.41
110.38,2.61
110.39,1.91
110.4,1.06
110.41,1.51
110.42,2.03
110.43,2.14
110.44,1.86
110.45,2.09
110.46,2.47
110.47,2.69
110.48,3.36
110.49,3.0
110.5,3.0
110.51,3.7
110.52,1.91
110.53,6.86
110.54,9.19
110.55,7.05
110.56,2.91
110.57,2.55
110.58,3.18
110.59,1.86
110.6,2.2
110.61,2.36
110.62,1.79
110.63,1.51
110.64,2.07
110.65,2.11
110.66,2.37
110.67,2.6
110.68,2.64
110.69,2.05
110.7,2.27
110.71,2.54
110.72,1.8
110.73,1.88
110.74,2.41
110.75,2.47
110.76,2.37
110.77,3.08
110.78,3.41
110.79,2.59
110.8,2.67
110.81,2.54
110.82,2.24
110.83,1.54
110.84,0.5
110.85,1.26
110.86,6.11
110.87,5.89
110.88,8.54
110.89,6.46
110.9,3.14
110.91,2.5
110.92,2.28
110.93,3.36
110.94,2.53
110.95,2.33
110.96,2.7
110.97,2.41
110.98,2.2
110.99,2.0
111.0,2.32
111.01,2.37
111.02,2.49
111.03,2.33
111.04,2.46
111.05,2.54
111.06,4.06
111.07,4.43
111.08,1.72
111.09,2.0
111.1,2.59
111.11,2.43
111.12,2.29
111.13,1.76
111.14,2.11
111.15,1.79
111.16,0.41
111.17,2.88
111.18,9.3
111.19,4.34
111.2,3.68
111.21,3.55
111.22,1.46
111.23,2.11
111.24,2.56
111.25,3.35
111.26,4.97
111.27,3.22
111.28,2.58
111.29,2.68
111.3,2.74
111.31,2.38
111.32,3.24
111.33,2.28
111.34,2.29
111.35,2.47
111.36,2.51
111.37,3.03
111.38,5.2
111.39,1.11
111.4,1.63
111.41,2.02
111.42,2.01
111.43,2.14
111.44,1.89
111.45,2.28
111.46,1.87
111.47,0.89
111.48,4.71
111.49,7.37
111.5,7.37
111.51,5.16
111.52,3.92
111.53,3.28
111.54,4.15
111.55,1.55
111.56,1.42
111.57,1.64
111.58,1.63
111.59,1.79
111.6,2.19
111.61,3.71
111.62,3.84
111.63,2.78
111.64,2.3
111.65,2.47
111.66,3.41
111.67,2.98
111.68,3.01
111.69,2.63
111.7,3.85
111.71,1.51
111.72,1.9
111.73,2.42
111.74,2.49
111.75,2.34
111.76,2.05
111.77,2.15
111.78,1.34
111.79,0.53
111.8,2.11
111.81,11.15
111.82,5.72
111.83,2.73
111.84,2.85
111.85,2.66
111.86,2.31
111.87,5.87
111.88,0.69
111.89,1.59
111.9,2.24
111.91,2.68
111.92,2.58
111.93,1.89
111.94,2.85
111.95,2.57
111.96,2.44
111.97,2.58
111.98,2.8
111.99,4.2
112.0,4.53
112.01,2.66
112.02,2.21
112.03,4.1
112.04,2.4
112.05,2.43
112.06,1.68
112.07,1.6
112.08,1.71
112.09,1.26
112.1,0.96
112.11,4.37
112.12,7.79
112.13,7.64
112.14,5.09
112.15,3.21
112.16,2.82
112.17,2.32
112.18,2.43
112.19,3.04
112.2,2.18
112.21,1.62
112.22,2.16
112.23,2.85
112.24,2.66
112.25,2.53
112.26,2.6
112.27,2.47
112.28,2.24
112.29,2.2
112.3,2.32
112.31,2.24
112.32,1.9
112.33,2.3
112.34,2.52
112.35,2.49
112.36,8.15
112.37,4.84
112.38,1.82
112.39,1.96
112.4,1.21
112.41,1.71
112.42,0.35
112.43,1.6
112.44,8.04
112.45,7.84
112.46,4.46
112.47,3.45
112.48,3.08
112.49,2.47
112.5,2.76
112.51,1.96
112.52,3.12
112.53,3.6
112.54,3.32
112.55,2.33
112.56,3.16
112.57,3.96
112.58,3.08
112.59,1.35
112.6,1.98
112.61,2.14
112.62,3.19
112.63,1.82
112.64,1.94
112.65,2.3
112.66,2.15
112.67,2.18
112.68,2.4
112.69,2.62
112.7,2.17
112.71,2.32
112.72,3.25
112.73,3.83
112.74,1.99
112.75,2.2
112.76,2.16
112.77,4.21
112.78,5.0
112.79,2.3
112.8,0.74
112.81,4.28
112.82,8.13
112.83,9.13
112.84,5.64
112.85,6.5
112.86,4.64
112.87,3.36
112.88,2.8
112.89,3.09
112.9,3.55
112.91,3.09
112.92,2.84
112.93,2.46
112.94,2.89
112.95,2.52
112.96,2.98
112.97,2.46
112.98,8.1
112.99,2.64
113.0,1.82
113.01,1.86
113.02,2.49
113.03,2.34
113.04,3.19
113.05,2.67
113.06,2.14
113.07,2.06
113.08,2.14
113.09,2.7
113.1,2.33
113.11,2.55
113.12,2.24
113.13,2.84
113.14,2.36
113.15,2.5
113.16,2.4
113.17,2.68
113.18,2.01
113.19,1.41
113.2,1.3
113.21,0.88
113.22,1.5
113.23,9.91
113.24,5.45
113.25,6.87
113.26,6.0
113.27,3.39
113.28,2.93
113.29,2.37
113.3,2.51
113.31,2.68
113.32,2.59
113.33,2.11
113.34,2.42
113.35,2.35
113.36,4.27
113.37,3.88
113.38,1.46
113.39,1.7
113.4,2.26
113.41,2.44
113.42,2.52
113.43,2.28
113.44,2.3
113.45,2.35
113.46,2.12
113.47,2.46
113.48,3.94
113.49,2.47
113.5,1.82
113.51,2.07
113.52,1.89
113.53,2.1
113.54,5.83
113.55,0.18
113.56,1.47
113.57,10.58
113.58,7.33
113.59,6.02
113.6,3.13
113.61,2.77
113.62,2.76
113.63,2.91
113.64,4.52
113.65,5.72
113.66,3.02
113.67,2.43
113.68,2.78
113.69,2.71
113.7,4.17
113.71,2.14
113.72,2.04
113.73,1.4
113.74,1.69
113.75,1.65
113.76,2.32
113.77,3.14
113.78,1.81
113.79,2.0
113.8,2.45
113.81,2.18
113.82,2.4
113.83,3.1
113.84,2.54
113.85,2.05
113.86,3.41
113.87,0.49
113.88,4.47
113.89,8.55
113.9,6.86
113.91,3.93
113.92,2.74
113.93,2.3
113.94,2.53
113.95,2.07
113.96,2.18
113.97,2.43
113.98,2.79
113.99,2.55
114.0,2.49
114.01,2.49
114.02,2.6
114.03,8.17
114.04,5.56
114.05,1.94
114.06,2.03
114.07,2.01
114.08,2.45
114.09,2.25
114.1,1.87
114.11,2.23
114.12,2.53
114.13,2.53
114.14,2.42
114.15,2.46
114.16,3.31
114.17,2.53
114.18,2.18
114.19,0.71
114.2,0.42
114.21,10.45
114.22,8.95
114.23,5.48
114.24,2.02
114.25,2.32
114.26,2.56
114.27,2.84
114.28,1.97
114.29,2.18
114.3,2.15
114.31,2.04
114.32,2.25
114.33,2.34
114.34,2.84
114.35,3.62
114.36,4.01
114.37,1.63
114.38,2.07
114.39,4.82
114.4,5.43
114.41,3.33
114.42,2.55
114.43,2.32
114.44,2.9
114.45,2.33
114.46,2.18
114.47,3.66
114.48,2.54
114.49,2.05
114.5,1.03
114.51,0.74
114.52,11.47
114.53,9.67
114.54,2.37
114.55,2.51
114.56,2.72
114.57,2.54
114.58,2.37
114.59,2.09
114.6,1.99
114.61,2.38
114.62,2.65
114.63,2.59
114.64,2.02
114.65,2.23
114.66,2.04
114.67,2.38
114.68,2.38
114.69,4.04
114.7,1.89
114.71,1.48
114.72,2.07
114.73,2.52
114.74,2.0
114.75,2.14
114.76,2.43
114.77,88.49
114.78,1.56
114.79,1.63
114.8,1.59
114.81,1.16
114.82,0.56
114.83,3.11
114.84,6.11
114.85,5.0
114.86,3.68
114.87,1.64
114.88,1.37
114.89,1.33
114.9,2.16
114.91,2.26
114.92,2.49
114.93,2.19
114.94,2.26
114.95,2.49
114.96,2.91
114.97,3.86
114.98,3.11
114.99,2.66
115.0,2.53
115.01,2.34
115.02,3.62
115.03,4.61
115.04,1.26
115.05,1.74
115.06,2.13
115.07,2.54
115.08,2.68
115.09,2.4
115.1,2.57
115.11,2.5
115.12,2.46
115.13,2.09
115.14,0.58
115.15,1.05
115.16,12.58
115.17,6.85
115.18,5.35
115.19,3.77
115.2,3.42
115.21,4.05
115.22,2.55
115.23,1.5
115.24,2.19
115.25,2.81
115.26,3.47
115.27,2.69
115.28,2.38
115.29,2.21
115.3,2.37
115.31,2.42
115.32,2.62
115.33,2.77
115.34,2.69
115.35,3.63
115.36,1.89
115.37,2.0
115.38,2.46
115.39,2.4
115.4,2.16
115.41,2.18
115.42,2.22
115.43,2.11
115.44,2.2
115.45,1.18
115.46,1.07
115.47,9.25
115.48,8.13
115.49,4.68
115.5,4.92
115.51,3.65
115.52,3.35
115.53,7.66
115.54,1.09
115.55,3.63
115.56,4.07
115.57,4.49
115.58,3.64
115.59,3.8
115.6,2.74
115.61,4.79
115.62,2.89
115.63,1.96
115.64,2.3
115.65,2.86
115.66,2.36
115.67,2.91
115.68,2.26
115.69,2.82
115.7,2.75
115.71,2.88
115.72,2.52
115.73,2.61
115.74,2.64
115.75,2.97
115.76,2.74
115.77,3.01
115.78,3.99
115.79,4.09
115.8,2.09
115.81,1.17
115.82,1.73
115.83,1.75
115.84,2.28
115.85,1.14
115.86,0.51
115.87,0.87
115.88,10.62
115.89,5.07
115.9,3.23
115.91,2.38
115.92,3.09
115.93,4.89
115.94,2.28
115.95,2.54
115.96,4.19
115.97,3.99
115.98,2.88
115.99,2.43
116.0,2.55
116.01,2.62
116.02,2.25
116.03,2.24
116.04,2.28
116.05,2.06
116.06,2.26
116.07,2.66
116.08,2.43
116.09,2.29
116.1,3.66
116.11,0.81
116.12,1.6
116.13,1.76
116.14,2.08
116.15,2.27
116.16,1.68
116.17,1.02
116.18,3.92
116.19,7.16
116.2,7.58
116.21,5.91
116.22,4.46
116.23,3.29
116.24,3.14
116.25,2.89
116.26,2.53
116.27,2.24
116.28,1.37
116.29,2.24
116.3,2.14
116.31,1.86
116.32,1.89
116.33,2.22
116.34,3.76
116.35,3.69
116.36,2.76
116.37,2.5
116.38,2.52
116.39,2.42
116.4,2.35
116.41,2.47
116.42,2.42
116.43,2.41
116.44,2.08
116.45,2.74
116.46,2.85
116.47,2.75
116.48,1.46
116.49,0.58
116.5,10.24
116.51,9.07
116.52,4.6
116.53,4.27
116.54,2.95
116.55,3.0
116.56,2.72
116.57,2.42
116.58,2.64
116.59,1.33
116.6,0.99
116.61,1.82
116.62,2.34
116.63,2.8
116.64,3.23
116.65,1.65
116.66,1.83
116.67,1.99
116.68,2.31
116.69,2.41
116.7,3.6
116.71,4.57
116.72,3.23
116.73,2.59
116.74,2.36
116.75,2.7
116.76,1.79
116.77,3.53
116.78,3.8
116.79,2.25
116.8,1.03
116.81,1.14
116.82,10.33
116.83,6.75
116.84,3.91
116.85,3.2
116.86,2.92
116.87,2.17
116.88,2.0
116.89,2.07
116.9,2.37
116.91,2.61
116.92,2.45
116.93,1.88
116.94,2.3
116.95,2.12
116.96,2.25
116.97,2.41
116.98,2.72
116.99,2.81
117.0,2.67
117.01,2.65
117.02,3.37
117.03,2.89
117.04,2.33
117.05,2.22
117.06,3.2
117.07,4.64
117.08,7.19
117.09,5.03
117.1,1.55
117.11,1.65
117.12,0.88
117.13,0.41
117.14,12.53
117.15,5.45
117.16,3.52
117.17,2.55
117.18,2.52
117.19,2.77
117.2,2.97
117.21,2.42
117.22,2.21
117.23,2.06
117.24,2.41
117.25,3.11
117.26,3.89
117.27,3.64
117.28,1.24
117.29,1.78
117.3,2.11
117.31,3.08
117.32,2.66
117.33,2.2
117.34,2.66
117.35,2.6
117.36,2.88
117.37,3.57
117.38,2.69
117.39,2.31
117.4,3.63
117.41,6.8
117.42,3.06
117.43,1.64
117.44,0.5
117.45,9.34
117.46,8.31
117.47,5.75
117.48,3.5
117.49,3.19
117.5,3.02
117.51,2.63
117.52,2.92
117.53,2.56
117.54,3.58
117.55,2.59
117.56,2.19
117.57,2.4
117.58,2.14
117.59,2.36
117.6,3.45
117.61,0.62
117.62,1.66
117.63,2.15
117.64,2.58
117.65,2.21
117.66,1.97
117.67,2.85
117.68,2.79
117.69,2.32
117.7,2.51
117.71,2.68
117.72,2.77
117.73,2.7
117.74,3.06
117.75,2.16
117.76,2.74
117.77,0.77
117.78,3.21
117.79,8.49
117.8,7.39
117.81,6.59
117.82,3.41
117.83,2.49
117.84,1.84
117.85,2.21
117.86,2.56
117.87,2.52
117.88,2.5
117.89,2.44
117.9,2.22
117.91,2.32
117.92,2.76
117.93,3.0
117.94,2.32
117.95,2.54
117.96,3.84
117.97,2.49
117.98,2.31
117.99,2.39
118.0,2.4
118.01,2.2
118.02,2.26
118.03,2.31
118.04,2.61
118.05,1.87
118.06,2.34
118.07,2.7
118.08,2.19
118.09,2.92
118.1,2.05
118.11,5.75
118.12,6.04
118.13,3.81
118.14,3.67
118.15,2.29
118.16,2.73
118.17,2.42
118.18,5.21
118.19,2.96
118.2,2.61
118.21,2.75
118.22,2.27
118.23,2.65
118.24,3.03
118.25,2.39
118.26,2.81
118.27,2.64
118.28,4.28
118.29,5.22
118.3,2.63
118.31,3.95
118.32,3.93
118.33,2.75
118.34,2.28
118.35,1.93
118.36,1.52
118.37,2.5
118.38,2.23
118.39,2.97
118.4,2.91
118.41,2.5
118.42,2.33
118.43,2.48
118.44,2.38
118.45,2.39
118.46,2.55
118.47,2.17
118.48,1.37
118.49,0.39
118.5,13.36
118.51,9.5
118.52,5.02
118.53,3.58
118.54,3.06
118.55,2.65
118.56,2.36
118.57,2.42
118.58,2.38
118.59,2.32
118.6,2.37
118.61,2.89
118.62,3.39
118.63,4.19
118.64,3.5
118.65,3.05
118.66,2.77
118.67,2.7
118.68,1.05
118.69,1.82
118.7,2.46
118.71,2.3
118.72,2.72
118.73,1.81
118.74,2.11
118.75,1.96
118.76,2.15
118.77,2.25
118.78,2.51
118.79,2.25
118.8,1.26
118.81,3.3
118.82,6.32
118.83,10.35
118.84,4.58
118.85,3.62
118.86,1.62
118.87,2.27
118.88,1.67
118.89,1.76
118.9,2.73
118.91,2.12
118.92,2.98
118.93,2.82
118.94,2.95
118.95,2.01
118.96,2.07
118.97,2.27
118.98,2.52
118.99,6.42
119.0,3.99
119.01,2.41
119.02,2.12
119.03,2.08
119.04,2.22
119.05,2.51
119.06,2.85
119.07,2.71
119.08,2.72
119.09,2.82
119.1,2.42
119.11,2.79
119.12,0.35
119.13,1.86
119.14,5.6
119.15,7.48
119.16,4.74
119.17,3.5
119.18,1.33
119.19,2.13
119.2,2.38
119.21,3.22
119.22,3.67
119.23,2.36
119.24,2.34
119.25,2.43
119.26,2.83
119.27,2.72
119.28,2.89
119.29,2.67
119.3,2.85
119.31,2.5
119.32,2.65
119.33,2.52
119.34,2.3
119.35,3.63
119.36,3.28
119.37,2.91
119.38,1.81
119.39,2.14
119.4,2.13
119.41,4.86
119.42,4.68
119.43,2.93
119.44,2.56
119.45,2.65
119.46,1.8
119.47,0.24
119.48,8.99
119.49,9.51
119.5,4.89
119.51,5.32
119.52,4.74
119.53,2.69
119.54,2.56
119.55,2.18
119.56,2.12
119.57,2.28
119.58,2.45
119.59,2.51
119.6,2.65
119.61,2.44
119.62,2.32
119.63,2.18
119.64,1.73
119.65,2.16
119.66,3.02
119.67,2.61
119.68,2.5
119.69,3.97
119.7,1.32
119.71,1.78
119.72,2.41
119.73,2.69
119.74,2.54
119.75,2.09
119.76,3.54
119.77,2.36
119.78,0.76
119.79,5.71
119.8,13.39
119.81,7.68
119.82,4.0
119.83,3.08
119.84,2.57
119.85,4.1
119.86,2.01
119.87,2.0
119.88,2.4
119.89,1.48
119.9,1.73
119.91,1.69
119.92,59.28
119.93,3.53
119.94,1.93
119.95,1.89
119.96,1.6
119.97,1.42
119.98,1.43
119.99,1.32
120.0,1.15
120.01,2.03
120.02,0.66
120.03,1.22
120.04,1.32
120.05,1.28
120.06,2.22
120.07,2.51
120.08,2.22
120.09,1.94
120.1,0.91
120.11,5.13
120.12,14.4
120.13,7.52
120.14,4.22
120.15,2.8
120.16,2.58
120.17,2.65
120.18,6.16
120.19,0.85
120.2,1.59
120.21,1.79
120.22,1.97
120.23,3.26
120.24,2.22
120.25,109.42
120.26,3.4
120.27,2.01
120.28,1.57
120.29,1.44
120.3,1.44
120.31,1.32
120.32,1.41
120.33,1.38
120.34,1.5
120.35,0.6
120.36,2.85
120.37,2.28
120.38,1.1
120.39,2.19
120.4,2.01
120.41,1.3
120.42,-0.13
120.43,1.76
120.44,12.59
120.45,5.88
120.46,3.38
120.47,2.46
120.48,2.05
120.49,2.07
120.5,3.9
120.51,3.75
120.52,1.87
120.53,2.56
120.54,2.54
120.55,2.13
120.56,2.08
120.57,2.23
120.58,2.27
120.59,2.35
120.6,2.74
120.61,2.49
120.62,3.29
120.63,1.63
120.64,1.93
120.65,2.27
120.66,2.28
120.67,2.48
120.68,2.7
120.69,1.28
120.7,1.91
120.71,2.1
120.72,2.07
120.73,2.26
120.74,2.26
120.75,10.46
120.76,7.9
120.77,3.89
120.78,2.61
120.79,2.42
120.8,6.13
120.81,3.7
120.82,3.78
120.83,2.69
120.84,4.65
120.85,1.74
120.86,2.89
120.87,2.54
120.88,1.71
120.89,1.79
120.9,2.23
120.91,2.43
120.92,3.42
120.93,2.12
120.94,1.79
120.95,2.27
120.96,2.3
120.97,2.56
120.98,2.27
120.99,2.9
121.0,2.16
121.01,3.0
121.02,2.62
121.03,2.76
121.04,2.45
121.05,2.66
121.06,2.32
121.07,4.8
121.08,3.1
121.09,2.3
121.1,2.17
121.11,2.06
121.12,2.23
121.13,1.57
121.14,0.18
121.15,1.61
121.16,9.19
121.17,4.54
121.18,3.99
121.19,3.29
121.2,4.05
121.21,2.32
121.22,2.3
121.23,2.02
121.24,2.01
121.25,4.36
121.26,9.84
121.27,1.37
121.28,2.09
121.29,2.05
121.3,2.05
121.31,3.47
121.32,1.86
121.33,2.34
121.34,2.55
121.35,2.41
121.36,2.34
121.37,2.19
121.38,2.02
121.39,2.01
121.4,2.33
121.41,2.8
121.42,3.24
121.43,1.61
121.44,4.49
121.45,2.62
121.46,-0.23
121.47,4.71
121.48,11.31
121.49,6.87
121.5,2.81
121.51,2.31
121.52,2.07
121.53,2.11
121.54,2.13
121.55,2.45
121.56,2.77
121.57,2.38
121.58,3.2
121.59,2.97
121.6,1.81
121.61,4.75
121.62,3.76
121.63,2.83
121.64,2.56
121.65,2.29
121.66,2.21
121.67,2.19
121.68,2.28
121.69,2.5
121.7,3.27
121.71,2.1
121.72,2.13
121.73,2.09
121.74,2.73
121.75,2.67
121.76,6.84
121.77,0.95
121.78,2.89
121.79,13.7
121.8,6.38
121.81,3.77
121.82,2.44
121.83,2.41
121.84,2.62
121.85,2.52
121.86,2.29
121.87,2.38
121.88,2.59
121.89,2.59
121.9,3.43
121.91,2.73
121.92,4.57
121.93,1.54
121.94,1.94
121.95,1.75
121.96,1.31
121.97,2.06
121.98,5.75
121.99,3.94
122.0,1.87
122.01,1.87
122.02,2.03
122.03,2.19
122.04,3.09
122.05,3.38
122.06,3.03
122.07,2.29
122.08,2.48
122.09,0.13
122.1,4.22
122.11,10.43
122.12,6.71
122.13,3.65
122.14,3.63
122.15,2.56
122.16,2.32
122.17,2.31
122.18,2.56
122.19,3.2
122.2,2.58
122.21,2.0
122.22,1.96
122.23,2.15
122.24,2.14
122.25,8.37
122.26,1.32
122.27,1.87
122.28,1.9
122.29,2.05
122.3,2.9
122.31,1.84
122.32,2.25
122.33,3.38
122.34,6.72
122.35,3.85
122.36,2.52
122.37,2.35
122.38,2.32
122.39,3.0
122.4,1.85
122.41,0.1
122.42,1.25
122.43,10.79
122.44,6.29
122.45,3.01
122.46,2.06
122.47,2.5
122.48,3.12
122.49,1.81
122.5,1.89
122.51,2.1
122.52,2.12
122.53,2.46
122.54,2.69
122.55,2.36
122.56,2.11
122.57,2.38
122.58,2.97
122.59,1.72
122.6,2.28
122.61,2.65
122.62,2.25
122.63,3.14
122.64,2.34
122.65,2.18
122.66,2.33
122.67,2.36
122.68,2.64
122.69,4.13
122.7,1.78
122.71,5.54
122.72,2.76
122.73,0.06
122.74,4.64
122.75,17.38
122.76,3.2
122.77,2.54
122.78,2.37
122.79,2.25
122.8,3.31
122.81,2.1
122.82,2.49
122.83,2.57
122.84,2.2
122.85,2.15
122.86,2.14
122.87,2.16
122.88,2.48
122.89,3.48
122.9,2.66
122.91,4.19
122.92,2.36
122.93,3.41
122.94,2.58
122.95,1.55
122.96,2.25
122.97,2.28
122.98,3.25
122.99,1.44
123.0,1.89
123.01,2.21
123.02,2.4
123.03,1.54
123.04,0.94
123.05,5.61
123.06,11.26
123.07,10.23
123.08,3.34
123.09,2.58
123.1,2.52
123.11,2.72
123.12,2.58
123.13,2.22
123.14,2.21
123.15,1.91
123.16,2.14
123.17,2.19
123.18,3.06
123.19,2.35
123.2,2.41
123.21,3.29
123.22,2.36
123.23,2.15
123.24,6.36
123.25,1.83
123.26,1.91
123.27,2.05
123.28,2.09
123.29,3.11
123.3,1.73
123.31,2.16
123.32,2.5
123.33,2.5
123.34,2.48
123.35,1.47
123.36,-0.26
123.37,4.0
123.38,9.67
123.39,4.91
123.4,5.11
123.41,2.47
123.42,5.83
123.43,3.9
123.44,1.7
123.45,1.83
123.46,2.19
123.47,3.79
123.48,2.3
123.49,2.83
123.5,2.53
123.51,2.3
123.52,2.4
123.53,2.63
123.54,2.72
123.55,2.48
123.56,2.79
123.57,4.45
123.58,3.51
123.59,1.88
123.6,2.13
123.61,2.49
123.62,2.29
123.63,2.44
123.64,2.57
123.65,2.52
123.66,2.6
123.67,2.38
123.68,2.69
123.69,2.7
123.7,2.61
123.71,2.68
123.72,2.91
123.73,1.5
123.74,2.1
123.75,0.19
123.76,2.91
123.77,6.15
123.78,13.18
123.79,6.73
123.8,3.5
123.81,2.62
123.82,2.53
123.83,2.22
123.84,1.39
123.85,1.91
123.86,2.12
123.87,2.17
123.88,3.61
123.89,2.39
123.9,5.13
123.91,3.56
123.92,2.83
123.93,2.31
123.94,2.0
123.95,2.14
123.96,2.32
123.97,2.72
123.98,2.72
123.99,3.11
124.0,2.11
124.01,2.34
124.02,2.5
124.03,1.41
124.04,1.89
124.05,2.25
124.06,2.12
124.07,0.69
124.08,0.52
124.09,4.25
124.1,9.12
124.11,7.36
124.12,4.41
124.13,3.13
124.14,2.47
124.15,3.02
124.16,1.66
124.17,2.67
124.18,2.5
124.19,2.6
124.2,2.68
124.21,2.21
124.22,2.07
124.23,1.94
124.24,1.96
124.25,2.01
124.26,6.01
124.27,3.26
124.28,2.43
124.29,2.18
124.3,1.94
124.31,2.17
124.32,8.13
124.33,1.01
124.34,1.91
124.35,2.59
124.36,2.24
124.37,3.61
124.38,1.92
124.39,1.56
124.4,-0.14
124.41,5.8
124.42,8.69
124.43,4.21
124.44,2.59
124.45,2.28
124.46,2.17
124.47,3.15
124.48,4.9
124.49,2.35
124.5,3.04
124.51,1.98
124.52,1.39
124.53,1.7
124.54,2.02
124.55,3.37
124.56,2.16
124.57,2.37
124.58,2.32
124.59,1.94
124.6,2.07
124.61,2.1
124.62,2.32
124.63,5.62
124.64,5.11
124.65,2.26
124.66,1.95
124.67,2.15
124.68,2.59
124.69,2.58
124.7,1.76
124.71,1.18
124.72,4.37
124.73,8.5
124.74,6.65
124.75,4.36
124.76,3.48
124.77,2.99
124.78,2.69
124.79,2.42
124.8,2.13
124.81,5.38
124.82,1.57
124.83,1.48
124.84,2.11
124.85,2.43
124.86,3.78
124.87,1.94
124.88,1.95
124.89,2.26
124.9,2.34
124.91,2.7
124.92,2.55
124.93,2.26
124.94,1.97
124.95,2.02
124.96,2.16
124.97,2.34
124.98,2.02
124.99,4.67
125.0,7.72
125.01,2.8
125.02,1.24
125.03,0.65
125.04,2.33
125.05,128.11
125.06,3.12
125.07,1.81
125.08,1.37
125.09,1.29
125.1,1.29
125.11,1.26
125.12,1.27
125.13,1.79
125.14,2.09
125.15,0.68
125.16,0.99
125.17,1.18
125.18,1.31
125.19,2.4
125.2,2.31
125.21,2.19
125.22,2.33
125.23,2.58
125.24,2.58
125.25,3.7
125.26,1.95
125.27,1.83
125.28,2.01
125.29,2.29
125.3,2.97
125.31,10.47
125.32,2.25
125.33,1.89
125.34,1.1
125.35,2.04
125.36,10.92
125.37,6.78
125.38,3.34
125.39,2.27
125.4,4.97
125.41,3.65
125.42,2.41
125.43,2.28
125.44,2.29
125.45,2.48
125.46,2.95
125.47,4.89
125.48,1.91
125.49,2.29
125.5,1.59
125.51,1.44
125.52,2.17
125.53,2.61
125.54,2.92
125.55,1.88
125.56,1.97
125.57,1.91
125.58,2.11
125.59,2.24
125.6,3.24
125.61,2.9
125.62,2.53
125.63,2.91
125.64,1.69
125.65,1.22
125.66,0.29
125.67,8.36
125.68,11.9
125.69,6.41
125.7,3.5
125.71,2.51
125.72,2.32
125.73,2.48
125.74,2.65
125.75,2.2
125.76,2.0
125.77,1.92
125.78,2.01
125.79,2.02
125.8,6.99
125.81,2.02
125.82,1.77
125.83,2.13
125.84,2.31
125.85,3.41
125.86,2.1
125.87,1.87
125.88,2.23
125.89,3.5
125.9,3.05
125.91,2.28
125.92,2.28
125.93,2.11
125.94,2.43
125.95,2.62
125.96,3.09
125.97,1.55
125.98,0.39
125.99,2.72
126.0,5.94
126.01,4.03
126.02,2.33
126.03,2.06
126.04,4.81
126.05,3.9
126.06,3.09
126.07,2.52
126.08,1.92
126.09,2.24
126.1,2.53
126.11,2.65
126.12,4.7
126.13,1.79
126.14,1.7
126.15,1.97
126.16,2.17
126.17,2.48
126.18,2.38
126.19,2.89
126.2,2.4
126.21,2.32
126.22,2.88
126.23,2.32
126.24,2.22
126.25,2.94
126.26,1.81
126.27,2.72
126.28,2.09
126.29,2.96
126.3,2.31
126.31,2.92
126.32,1.89
126.33,1.32
126.34,2.71
126.35,3.25
126.36,10.99
126.37,8.72
126.38,6.39
126.39,3.67
126.4,4.13
126.41,2.48
126.42,4.68
126.43,2.26
126.44,2.11
126.45,2.45
126.46,2.12
126.47,2.52
126.48,2.66
126.49,2.56
126.5,2.2
126.51,2.08
126.52,4.23
126.53,4.75
126.54,4.23
126.55,2.42
126.56,1.42
126.57,2.11
126.58,2.3
126.59,3.81
126.6,2.26
126.61,2.08
126.62,2.11
126.63,2.09
126.64,2.12
126.65,2.32
126.66,1.76
126.67,0.48
126.68,1.37
126.69,5.87
126.7,4.71
126.71,3.07
126.72,2.47
126.73,2.07
126.74,2.2
126.75,2.14
126.76,2.74
126.77,2.03
126.78,2.56
126.79,2.72
126.8,2.59
126.81,1.91
126.82,2.37
126.83,3.5
126.84,2.82
126.85,2.7
126.86,2.68
126.87,5.99
126.88,0.86
126.89,1.89
126.9,1.71
126.91,5.06
126.92,3.87
126.93,3.67
126.94,2.04
126.95,2.4
126.96,2.3
126.97,2.27
126.98,2.57
126.99,2.15
127.0,2.23
127.01,2.62
127.02,2.08
127.03,2.05
127.04,1.12
127.05,6.6
127.06,11.08
127.07,9.61
127.08,4.36
127.09,2.96
127.1,2.82
127.11,2.89
127.12,1.56
127.13,1.51
127.14,2.2
127.15,2.75
127.16,1.85
127.17,1.66
127.18,3.38
127.19,2.99
127.2,2.33
127.21,2.57
127.22,2.75
127.23,2.35
127.24,2.27
127.25,2.48
127.26,4.44
127.27,2.33
127.28,1.55
127.29,2.11
127.3,2.47
127.31,2.19
127.32,2.48
127.33,2.21
127.34,2.47
127.35,5.38
127.36,3.51
127.37,3.16
127.38,2.61
127.39,2.06
127.4,2.09
127.41,1.23
127.42,0.04
127.43,1.96
127.44,9.51
127.45,5.73
127.46,4.36
127.47,6.89
127.48,0.09
127.49,0.47
127.5,0.62
127.51,1.5
127.52,3.0
127.53,5.96
127.54,4.43
127.55,3.62
127.56,2.43
127.57,2.98
127.58,4.26
127.59,5.09
127.6,4.86
127.61,3.4
127.62,3.0
127.63,2.49
127.64,2.49
127.65,2.08
127.66,2.53
127.67,1.62
127.68,2.1
127.69,2.99
127.7,3.03
127.71,2.32
127.72,1.76
127.73,4.75
127.74,5.17
127.75,3.16
127.76,3.27
127.77,2.53
127.78,4.22
127.79,2.51
127.8,5.57
127.81,2.29
127.82,4.74
127.83,9.32
127.84,6.31
127.85,4.52
127.86,2.77
127.87,4.08
127.88,3.49
127.89,6.82
127.9,4.91
127.91,3.05
127.92,3.38
127.93,2.33
127.94,2.4
127.95,2.33
127.96,2.13
127.97,1.8
127.98,1.66
127.99,1.61
128.0,4.73
128.01,4.89
128.02,3.3
128.03,2.05
128.04,2.01
128.05,1.95
128.06,1.86
128.07,1.47
128.08,8.03
128.09,8.34
128.1,1.45
128.11,1.27
128.12,1.67
128.13,0.97
128.14,2.17
128.15,4.3
128.16,1.43
128.17,0.74
128.18,-0.2
128.19,1.43
128.2,8.67
128.21,11.42
128.22,5.78
128.23,7.13
128.24,4.03
128.25,1.08
128.26,0.48
128.27,3.21
128.28,1.78
128.29,1.71
128.3,1.95
128.31,3.33
128.32,3.38
128.33,2.31
128.34,2.48
128.35,2.22
128.36,2.53
128.37,2.64
128.38,120.73
128.39,1.57
128.4,2.22
128.41,0.82
128.42,1.26
128.43,1.23
128.44,1.14
128.45,1.4
128.46,6.88
128.47,2.04
128.48,-0.87
128.49,0.64
128.5,4.66
128.51,7.59
128.52,4.29
128.53,5.36
128.54,3.48
128.55,2.8
128.56,1.97
128.57,1.29
128.58,1.86
128.59,2.34
128.6,2.0
128.61,1.99
128.62,1.97
128.63,-0.5
128.64,4.09
128.65,10.31
128.66,5.17
128.67,3.4
128.68,3.02
128.69,2.61
128.7,2.36
128.71,2.08
128.72,2.24
128.73,3.32
128.74,2.35
128.75,3.01
128.76,2.63
128.77,1.52
128.78,2.99
128.79,0.12
128.8,-0.04
128.81,10.07
128.82,6.86
128.83,7.18
128.84,4.78
128.85,3.2
128.86,2.81
128.87,3.88
128.88,2.84
128.89,6.64
128.9,4.48
128.91,1.9
128.92,2.27
128.93,2.32
128.94,0.01
128.95,-0.27
128.96,-0.34
128.97,10.09
128.98,7.49
128.99,4.67
129.0,3.03
129.01,3.47
129.02,2.12
129.03,2.66
129.04,4.73
129.05,3.94
129.06,2.41
129.07,7.43
129.08,0.59
129.09,0.16
129.1,-0.35
129.11,1.12
129.12,1.21
129.13,0.29
129.14,2.63
129.15,6.55
129.16,7.3
129.17,7.72
129.18,4.38
129.19,4.57
129.2,4.25
129.21,4.09
129.22,2.95
129.23,3.44
129.24,2.56
129.25,3.11
129.26,2.61
129.27,2.81
129.28,2.81
129.29,2.67
129.3,4.07
129.31,2.37
129.32,1.72
129.33,2.99
129.34,2.07
129.35,6.48
129.36,1.09
129.37,-0.53
129.38,3.95
129.39,10.68
129.4,6.67
129.41,3.03
129.42,2.8
129.43,2.76
129.44,2.34
129.45,2.63
129.46,2.79
129.47,2.21
129.48,2.66
129.49,5.22
129.5,3.06
129.51,2.89
129.52,2.32
129.53,1.39
129.54,0.6
129.55,3.53
129.56,-0.91
129.57,-0.36
129.58,1.9
129.59,5.0
129.6,9.46
129.61,6.86
129.62,5.21
129.63,3.56
129.64,3.58
129.65,3.23
129.66,2.28
129.67,2.0
129.68,1.61
129.69,2.23
129.7,7.82
129.71,0.23
129.72,-0.5
129.73,-0.25
129.74,4.03
129.75,10.03
129.76,5.39
129.77,3.06
129.78,6.32
129.79,4.49
129.8,2.76
129.81,3.33
129.82,2.46
129.83,2.2
129.84,1.88
129.85,2.82
129.86,2.69
129.87,1.85
129.88,5.36
129.89,1.1
129.9,0.85
129.91,-0.19
129.92,0.36
129.93,4.07
129.94,6.31
129.95,5.17
129.96,3.79
129.97,2.24
129.98,1.99
129.99,2.06
130.0,2.67
130.01,2.23
130.02,2.06
130.03,2.81
130.04,1.96
130.05,3.69
130.06,2.11
130.07,0.59
130.08,-0.45
130.09,9.77
130.1,7.43
130.11,4.22
130.12,3.47
130.13,2.88
130.14,2.59
130.15,3.94
130.16,4.54
130.17,4.54
130.18,2.75
130.19,1.95
130.2,2.7
130.21,2.14
130.22,0.83
130.23,3.01
130.24,-0.5
130.25,-0.67
130.26,8.9
130.27,7.25
130.28,7.18
130.29,5.86
130.3,2.69
130.31,2.97
130.32,2.28
130.33,2.39
130.34,2.64
130.35,2.66
130.36,2.41
130.37,4.1
130.38,2.87
130.39,0.25
130.4,-0.44
130.41,-0.47
130.42,4.61
130.43,11.12
130.44,4.65
130.45,2.46
130.46,2.85
130.47,2.36
130.48,1.69
130.49,1.4
130.5,3.01
130.51,3.01
130.52,3.06
130.53,2.33
130.54,1.68
130.55,3.46
130.56,4.61
130.57,-0.46
130.58,-0.62
130.59,9.27
130.6,8.56
130.61,6.8
130.62,4.16
130.63,3.14
130.64,2.43
130.65,2.16
130.66,2.42
130.67,2.54
130.68,2.29
130.69,3.29
130.7,2.2
130.71,1.95
130.72,1.48
130.73,3.99
130.74,0.67
130.75,0.48
130.76,8.79
130.77,5.25
130.78,3.11
130.79,2.65
130.8,3.8
130.81,3.34
130.82,2.43
130.83,2.09
130.84,2.54
130.85,2.22
130.86,2.45
130.87,2.38
130.88,1.77
130.89,1.87
130.9,3.6
130.91,0.77
130.92,-0.25
130.93,5.89
130.94,7.14
130.95,13.48
130.96,8.99
130.97,4.53
130.98,2.23
130.99,2.04
131.0,2.68
131.01,3.32
131.02,1.77
131.03,2.27
131.04,2.18
131.05,2.27
131.06,1.61
131.07,2.4
131.08,4.52
131.09,1.05
131.1,-0.43
131.11,1.32
131.12,5.71
131.13,12.91
131.14,3.16
131.15,8.28
131.16,4.5
131.17,3.82
131.18,2.66
131.19,2.68
131.2,2.0
131.21,2.77
131.22,2.44
131.23,2.24
131.24,2.62
131.25,2.74
131.26,2.03
131.27,1.16
131.28,1.07
131.29,0.98
131.3,5.56
131.31,15.12
131.32,4.51
131.33,2.34
131.34,5.04
131.35,3.98
131.36,7.0
131.37,5.87
131.38,2.52
131.39,2.23
131.4,2.75
131.41,2.95
131.42,3.12
131.43,2.76
131.44,3.13
131.45,3.6
131.46,3.3
131.47,3.09
131.48,2.52
131.49,2.4
131.5,4.65
131.51,1.72
131.52,1.75
131.53,2.01
131.54,2.98
131.55,2.03
131.56,1.94
131.57,2.28
131.58,2.31
131.59,1.63
131.6,0.67
131.61,5.52
131.62,7.0
131.63,6.62
131.64,3.69
131.65,2.53
131.66,2.43
131.67,2.11
131.68,2.43
131.69,1.95
131.7,1.29
131.71,1.63
131.72,4.48
131.73,3.52
131.74,3.25
131.75,1.24
131.76,1.33
131.77,0.47
131.78,0.57
131.79,4.47
131.8,0.47
131.81,1.59
131.82,2.61
131.83,2.38
131.84,2.55
131.85,2.12
131.86,2.85
131.87,2.06
131.88,2.01
131.89,1.77
131.9,0.92
131.91,0.86
131.92,11.83
131.93,9.61
131.94,4.76
131.95,3.41
131.96,2.22
131.97,3.59
131.98,3.45
131.99,2.15
132.0,2.13
132.01,1.48
132.02,2.01
132.03,3.51
132.04,3.15
132.05,3.45
132.06,3.71
132.07,2.47
132.08,2.37
132.09,5.41
132.1,4.91
132.11,4.33
132.12,2.56
132.13,5.06
132.14,4.25
132.15,3.5
132.16,4.13
132.17,4.44
132.18,2.23
132.19,2.39
132.2,4.78
132.21,2.6
132.22,1.04
132.23,0.69
132.24,0.97
132.25,1.78
132.26,2.43
132.27,4.27
132.28,4.39
132.29,2.99
132.3,0.9
132.31,0.02
132.32,-0.36
132.33,0.55
132.34,8.17
132.35,6.1
132.36,3.05
132.37,2.44
132.38,0.78
132.39,1.92
132.4,2.24
132.41,2.7
132.42,4.29
132.43,2.67
132.44,2.25
132.45,2.48
132.46,2.33
132.47,2.35
132.48,2.08
132.49,2.15
132.5,4.94
132.51,3.83
132.52,3.14
132.53,3.97
132.54,2.17
132.55,2.16
132.56,2.71
132.57,1.73
132.58,1.68
132.59,1.9
132.6,2.14
132.61,1.21
132.62,0.19
132.63,1.78
132.64,9.77
132.65,4.87
132.66,3.85
132.67,3.08
132.68,3.67
132.69,1.76
132.7,1.78
132.71,2.05
132.72,2.45
132.73,2.03
132.74,2.64
132.75,2.67
132.76,2.86
132.77,2.33
132.78,2.32
132.79,3.28
132.8,2.21
132.81,2.02
132.82,2.35
132.83,2.23
132.84,2.51
132.85,3.89
132.86,0.96
132.87,1.33
132.88,3.02
132.89,3.06
132.9,2.04
132.91,1.35
132.92,0.62
132.93,1.72
132.94,6.94
132.95,6.74
132.96,4.44
132.97,3.09
132.98,2.37
132.99,2.07
133.0,3.61
133.01,2.79
133.02,3.39
133.03,2.2
133.04,1.66
133.05,1.84
133.06,2.17
133.07,2.55
133.08,2.01
133.09,2.02
133.1,1.98
133.11,2.0
133.12,2.29
133.13,2.64
133.14,2.5
133.15,2.19
133.16,3.09
133.17,1.64
133.18,2.05
133.19,1.58
133.2,2.26
133.21,1.49
133.22,1.06
133.23,2.21
133.24,11.5
133.25,5.42
133.26,3.58
133.27,1.95
133.28,2.27
133.29,2.78
133.3,2.8
133.31,2.42
133.32,1.3
133.33,1.36
133.34,1.75
133.35,2.26
133.36,2.04
133.37,2.67
133.38,1.47
133.39,2.18
133.4,2.16
133.41,2.63
133.42,2.34
133.43,1.77
133.44,2.79
133.45,2.45
133.46,2.07
133.47,2.42
133.48,2.87
133.49,3.82
133.5,2.5
133.51,2.12
133.52,3.52
133.53,3.23
133.54,1.42
133.55,1.11
133.56,1.13
133.57,4.34
133.58,10.04
133.59,5.28
133.6,5.13
133.61,3.26
133.62,2.66
133.63,2.38
133.64,2.78
133.65,3.74
133.66,2.38
133.67,2.0
133.68,1.62
133.69,1.08
133.7,0.8
133.71,1.24
133.72,1.23
133.73,1.02
133.74,1.32
133.75,1.37
133.76,1.25
133.77,1.22
133.78,1.17
133.79,1.58
133.8,3.21
133.81,1.89
133.82,2.12
133.83,2.16
133.84,2.56
133.85,2.7
133.86,4.57
133.87,1.3
133.88,1.12
133.89,0.66
133.9,2.19
133.91,5.85
133.92,6.5
133.93,4.42
133.94,3.03
133.95,2.38
133.96,2.38
133.97,2.19
133.98,1.99
133.99,1.94
134.0,2.21
134.01,4.12
134.02,3.0
134.03,5.14
134.04,3.75
134.05,2.56
134.06,2.09
134.07,1.9
134.08,2.82
134.09,1.86
134.1,2.16
134.11,2.39
134.12,2.37
134.13,2.07
134.14,2.04
134.15,2.38
134.16,2.51
134.17,3.25
134.18,2.27
134.19,1.48
134.2,0.61
134.21,0.7
134.22,8.31
134.23,6.53
134.24,3.94
134.25,2.67
134.26,2.29
134.27,2.34
134.28,3.67
134.29,2.5
134.3,2.54
134.31,2.51
134.32,2.34
134.33,2.49
134.34,2.76
134.35,1.02
134.36,1.81
134.37,2.26
134.38,2.59
134.39,2.66
134.4,5.03
134.41,4.76
134.42,2.82
134.43,2.6
134.44,2.18
134.45,2.17
134.46,2.3
134.47,2.91
134.48,3.68
134.49,4.02
134.5,1.66
134.51,1.05
134.52,8.35
134.53,7.38
134.54,4.32
134.55,4.35
134.56,4.9
134.57,2.4
134.58,2.54
134.59,2.43
134.6,2.51
134.61,2.29
134.62,2.44
134.63,2.07
134.64,2.91
134.65,2.44
134.66,3.12
134.67,3.93
134.68,2.67
134.69,1.96
134.7,1.94
134.71,2.47
134.72,2.01
134.73,2.32
134.74,2.63
134.75,2.69
134.76,2.42
134.77,2.07
134.78,2.88
134.79,2.07
134.8,2.94
134.81,2.41
134.82,2.76
134.83,2.94
134.84,4.32
134.85,5.94
134.86,4.18
134.87,3.69
134.88,3.14
134.89,2.57
134.9,1.85
134.91,0.89
134.92,2.18
134.93,6.32
134.94,7.58
134.95,6.05
134.96,3.7
134.97,4.28
134.98,2.52
134.99,2.11
135.0,2.42
135.01,2.31
135.02,2.29
135.03,2.41
135.04,2.38
135.05,2.2
135.06,2.78
135.07,2.31
135.08,3.05
135.09,2.31
135.1,2.97
135.11,2.6
135.12,3.6
135.13,2.18
135.14,3.75
135.15,2.97
135.16,3.29
135.17,1.62
135.18,1.76
135.19,1.95
135.2,2.96
135.21,4.0
135.22,2.21
135.23,2.17
135.24,2.51
135.25,2.52
135.26,2.32
135.27,2.1
135.28,5.7
135.29,4.06
135.3,2.3
135.31,0.58
135.32,3.17
135.33,7.06
135.34,6.77
135.35,3.77
135.36,3.32
135.37,3.41
135.38,3.34
135.39,2.3
135.4,2.54
135.41,2.36
135.42,2.51
135.43,2.53
135.44,2.37
135.45,2.28
135.46,2.88
135.47,2.13
135.48,2.54
135.49,2.26
135.5,2.16
135.51,2.21
135.52,6.02
135.53,0.54
135.54,1.69
135.55,2.81
135.56,3.62
135.57,2.98
135.58,2.51
135.59,2.19
135.6,2.25
135.61,2.33
135.62,2.11
135.63,2.27
135.64,1.68
135.65,0.9
135.66,1.17
135.67,6.45
135.68,6.97
135.69,4.74
135.7,4.41
135.71,1.3
135.72,3.95
135.73,3.58
135.74,4.05
135.75,2.67
135.76,2.1
135.77,1.99
135.78,2.13
135.79,2.0
135.8,2.02
135.81,2.28
135.82,3.26
135.83,4.76
135.84,1.99
135.85,1.63
135.86,1.94
135.87,1.98
135.88,2.35
135.89,2.1
135.9,2.31
135.91,2.4
135.92,2.61
135.93,2.44
135.94,2.77
135.95,2.29
135.96,0.41
135.97,0.45
135.98,11.15
135.99,5.48
136.0,8.74
136.01,2.39
136.02,1.56
136.03,2.26
136.04,2.39
136.05,2.21
136.06,2.01
136.07,3.54
136.08,4.81
136.09,3.31
136.1,2.94
136.11,2.87
136.12,3.08
136.13,2.56
136.14,2.07
136.15,2.2
136.16,2.1
136.17,2.28
136.18,4.5
136.19,1.92
136.2,1.99
136.21,2.26
136.22,2.89
136.23,2.74
136.24,1.95
136.25,2.05
136.26,1.21
136.27,0.7
136.28,9.52
136.29,8.11
136.3,5.54
136.31,5.04
136.32,2.78
136.33,1.78
136.34,1.99
136.35,2.37
136.36,2.52
136.37,2.86
136.38,2.56
136.39,2.23
136.4,3.28
136.41,2.38
136.42,2.33
136.43,4.93
136.44,3.93
136.45,2.89
136.46,2.42
136.47,2.25
136.48,4.76
136.49,109.34
136.5,2.7
136.51,1.65
136.52,1.33
136.53,1.39
136.54,0.83
136.55,1.15
136.56,0.7
136.57,0.24
136.58,1.15
136.59,4.98
136.6,5.45
136.61,2.81
136.62,3.58
136.63,2.7
136.64,2.84
136.65,3.14
136.66,4.01
136.67,2.19
136.68,1.62
136.69,2.16
136.7,2.54
136.71,5.09
136.72,4.78
136.73,3.85
136.74,2.87
136.75,2.28
136.76,2.27
136.77,2.4
136.78,2.61
136.79,3.64
136.8,1.74
136.81,1.7
136.82,2.0
136.83,2.0
136.84,2.1
136.85,2.25
136.86,2.27
136.87,1.99
136.88,0.77
136.89,2.59
136.9,7.4
136.91,7.09
136.92,3.15
136.93,3.38
136.94,2.63
136.95,2.54
136.96,6.91
136.97,0.74
136.98,1.41
136.99,2.05
137.0,2.68
137.01,1.84
137.02,1.94
137.03,2.26
137.04,2.55
137.05,2.81
137.06,2.69
137.07,2.5
137.08,2.94
137.09,5.55
137.1,2.93
137.11,2.43
137.12,2.15
137.13,3.01
137.14,4.46
137.15,2.4
137.16,1.91
137.17,2.16
137.18,2.18
137.19,1.11
137.2,11.01
137.21,9.19
137.22,4.88
137.23,3.52
137.24,2.85
137.25,2.46
137.26,2.41
137.27,4.45
137.28,1.98
137.29,1.73
137.3,1.9
137.31,2.52
137.32,2.7
137.33,2.92
137.34,2.39
137.35,2.35
137.36,2.51
137.37,2.3
137.38,2.88
137.39,2.66
137.4,2.27
137.41,3.78
137.42,1.98
137.43,2.02
137.44,2.54
137.45,2.13
137.46,3.09
137.47,2.9
137.48,6.97
137.49,4.74
137.5,6.52
137.51,6.92
137.52,0.99
137.53,1.81
137.54,2.04
137.55,2.45
137.56,2.23
137.57,2.91
137.58,2.1
137.59,0.32
137.6,2.96
137.61,10.3
137.62,6.32
137.63,3.99
137.64,3.11
137.65,3.29
137.66,3.24
137.67,3.28
137.68,2.48
137.69,3.65
137.7,3.04
137.71,3.29
137.72,2.1
137.73,2.26
137.74,1.98
137.75,2.59
137.76,2.66
137.77,2.01
137.78,1.72
137.79,2.19
137.8,2.14
137.81,2.28
137.82,2.21
137.83,2.03
137.84,2.18
137.85,3.95
137.86,2.8
137.87,3.53
137.88,3.49
137.89,2.07
137.9,1.02
137.91,4.02
137.92,8.48
137.93,8.44
137.94,6.09
137.95,4.32
137.96,3.15
137.97,2.9
137.98,2.32
137.99,2.2
138.0,2.55
138.01,2.29
138.02,2.07
138.03,2.04
138.04,0.93
138.05,1.7
138.06,1.87
138.07,2.78
138.08,2.93
138.09,2.06
138.1,2.33
138.11,2.4
138.12,2.6
138.13,2.37
138.14,2.69
138.15,2.39
138.16,2.43
138.17,2.41
138.18,2.9
138.19,3.1
138.2,1.21
138.21,0.14
138.22,6.82
138.23,11.27
138.24,6.04
138.25,3.84
138.26,2.92
138.27,2.45
138.28,2.72
138.29,2.41
138.3,2.29
138.31,2.18
138.32,2.33
138.33,2.73
138.34,2.76
138.35,2.31
138.36,2.6
138.37,2.69
138.38,2.01
138.39,2.15
138.4,2.56
138.41,2.45
138.42,2.13
138.43,1.96
138.44,2.15
138.45,3.45
138.46,1.94
138.47,2.24
138.48,2.4
138.49,2.34
138.5,2.57
138.51,6.64
138.52,5.48
138.53,0.6
138.54,3.58
138.55,8.35
138.56,8.83
138.57,5.21
138.58,3.37
138.59,2.92
138.6,2.76
138.61,2.7
138.62,2.38
138.63,4.54
138.64,4.42
138.65,3.3
138.66,2.76
138.67,2.93
138.68,3.23
138.69,2.52
138.7,4.02
138.71,1.59
138.72,2.13
138.73,2.95
138.74,1.71
138.75,1.56
138.76,2.52
138.77,2.36
138.78,2.96
138.79,2.01
138.8,1.88
138.81,2.31
138.82,2.34
138.83,2.63
138.84,2.75
138.85,3.67
138.86,2.79
138.87,1.98
138.88,2.77
138.89,3.04
138.9,1.01
138.91,2.83
138.92,7.52
138.93,8.08
138.94,6.46
138.95,4.39
138.96,3.54
138.97,2.93
138.98,2.98
138.99,2.49
139.0,2.39
139.01,2.81
139.02,2.68
139.03,3.09
139.04,4.8
139.05,3.61
139.06,3.16
139.07,2.54
139.08,2.4
139.09,5.53
139.1,5.05
139.11,1.34
139.12,2.28
139.13,2.17
139.14,2.38
139.15,3.28
139.16,119.33
139.17,1.09
139.18,1.43
139.19,1.21
139.2,1.17
139.21,1.4
139.22,1.23
139.23,1.25
139.24,1.51
139.25,1.51
139.26,0.73
139.27,0.55
139.28,0.13
139.29,-0.8
139.3,11.19
139.31,8.62
139.32,6.01
139.33,3.08
139.34,1.82
139.35,2.65
139.36,2.09
139.37,3.21
139.38,2.64
139.39,2.53
139.4,2.13
139.41,2.71
139.42,3.18
139.43,5.57
139.44,5.22
139.45,3.54
139.46,2.78
139.47,4.1
139.48,3.75
139.49,1.46
139.5,2.37
139.51,2.55
139.52,2.56
139.53,1.87
139.54,2.28
139.55,2.69
139.56,2.72
139.57,2.6
139.58,2.35
139.59,2.62
139.6,3.33
139.61,1.87
139.62,1.5
139.63,0.76
139.64,1.02
139.65,4.04
139.66,7.92
139.67,3.8
139.68,2.85
139.69,2.64
139.7,2.55
139.71,2.54
139.72,2.28
139.73,2.86
139.74,2.84
139.75,2.44
139.76,2.09
139.77,2.03
139.78,2.11
139.79,2.17
139.8,2.76
139.81,5.5
139.82,6.88
139.83,4.22
139.84,3.73
139.85,2.18
139.86,1.75
139.87,3.46
139.88,4.05
139.89,3.2
139.9,2.34
139.91,1.82
139.92,2.12
139.93,2.37
139.94,2.25
139.95,1.94
139.96,0.54
139.97,-0.27
139.98,1.58
139.99,10.48
140.0,8.15
140.01,3.44
140.02,2.17
140.03,2.8
140.04,2.24
140.05,2.22
140.06,2.68
140.07,2.37
140.08,2.24
140.09,2.12
140.1,2.44
140.11,181.02
140.12,5.05
140.13,6.6
140.14,2.33
140.15,1.92
140.16,1.21
140.17,1.26
140.18,1.39
140.19,1.13
140.2,8.53
140.21,0.14
140.22,0.57
140.23,1.04
140.24,0.86
140.25,1.38
140.26,1.29
140.27,1.58
140.28,2.93
140.29,1.75
140.3,2.2
140.31,2.36
140.32,2.31
140.33,2.88
140.34,2.53
140.35,2.66
140.36,1.94
140.37,1.26
140.38,1.54
140.39,-0.4
140.4,5.47
140.41,9.73
140.42,11.87
140.43,7.43
140.44,5.64
140.45,6.14
140.46,2.14
140.47,4.56
140.48,3.36
140.49,2.71
140.5,1.13
140.51,2.07
140.52,2.4
140.53,3.27
140.54,1.65
140.55,2.64
140.56,2.32
140.57,1.98
140.58,1.96
140.59,2.46
140.6,2.46
140.61,2.31
140.62,2.33
140.63,6.24
140.64,6.34
140.65,2.28
140.66,2.29
140.67,2.5
140.68,1.92
140.69,2.15
140.7,2.31
140.71,2.7
140.72,2.29
140.73,1.98
140.74,2.64
140.75,1.9
140.76,1.27
140.77,3.94
140.78,6.34
140.79,8.32
140.8,4.52
140.81,3.84
140.82,2.84
140.83,5.3
140.84,0.53
140.85,1.95
140.86,2.03
140.87,1.83
140.88,2.16
140.89,1.66
140.9,1.84
140.91,1.78
140.92,2.03
140.93,2.3
140.94,2.43
140.95,2.4
140.96,2.11
140.97,2.06
140.98,2.58
140.99,2.5
141.0,1.91
141.01,4.15
141.02,6.12
141.03,3.6
141.04,1.7
141.05,2.2
141.06,4.03
141.07,111.38
141.08,1.84
141.09,0.52
141.1,3.66
141.11,8.1
141.12,8.25
141.13,4.54
141.14,2.9
141.15,1.97
141.16,1.8
141.17,2.0
141.18,2.54
141.19,0.68
141.2,0.92
141.21,1.04
141.22,1.21
141.23,1.28
141.24,2.2
141.25,3.01
141.26,2.52
141.27,2.08
141.28,2.45
141.29,2.49
141.3,2.26
141.31,2.76
141.32,3.75
141.33,1.74
141.34,2.54
141.35,2.1
141.36,2.77
141.37,2.56
141.38,2.77
141.39,2.51
141.4,2.63
141.41,3.28
141.42,3.62
141.43,0.73
141.44,1.87
141.45,2.94
141.46,2.72
141.47,3.07
141.48,5.83
141.49,2.55
141.5,1.12
141.51,0.52
141.52,5.28
141.53,11.96
141.54,7.2
141.55,3.88
141.56,2.63
141.57,1.97
141.58,2.08
141.59,2.81
141.6,4.12
141.61,2.05
141.62,1.98
141.63,2.38
141.64,1.16
141.65,2.03
141.66,2.55
141.67,3.29
141.68,1.61
141.69,1.8
141.7,2.13
141.71,2.76
141.72,2.34
141.73,2.13
141.74,1.89
141.75,2.49
141.76,4.25
141.77,3.92
141.78,1.71
141.79,1.78
141.8,2.03
141.81,2.21
141.82,2.8
141.83,1.17
141.84,0.24
141.85,4.0
141.86,14.56
141.87,9.79
141.88,5.25
141.89,3.95
141.9,2.2
141.91,2.42
141.92,2.42
141.93,2.53
141.94,2.54
141.95,9.49
141.96,1.02
141.97,1.7
141.98,2.34
141.99,2.64
142.0,4.36
142.01,2.29
142.02,2.29
142.03,2.11
142.04,1.84
142.05,1.84
142.06,2.89
142.07,2.82
142.08,2.67
142.09,2.6
142.1,2.66
142.11,2.02
142.12,4.49
142.13,4.01
142.14,1.71
142.15,0.83
142.16,-0.39
142.17,6.69
142.18,7.97
142.19,3.64
142.2,3.06
142.21,5.15
142.22,4.31
142.23,2.72
142.24,2.14
142.25,2.25
142.26,3.51
142.27,1.78
142.28,2.38
142.29,2.03
142.3,2.27
142.31,2.26
142.32,2.19
142.33,2.04
142.34,3.08
142.35,2.48
142.36,2.38
142.37,3.65
142.38,2.54
142.39,2.38
142.4,2.44
142.41,2.35
142.42,2.04
142.43,1.52
142.44,1.29
142.45,0.7
142.46,0.56
142.47,0.81
142.48,9.97
142.49,4.82
142.5,3.48
142.51,2.97
142.52,2.56
142.53,2.15
142.54,1.98
142.55,2.49
142.56,2.12
142.57,6.36
142.58,3.88
142.59,4.1
142.6,2.78
142.61,3.64
142.62,2.41
142.63,2.57
142.64,2.69
142.65,2.97
142.66,2.21
142.67,1.97
142.68,2.21
142.69,4.35
142.7,1.96
142.71,1.8
142.72,2.39
142.73,2.76
142.74,2.45
142.75,2.12
142.76,2.46
142.77,2.15
142.78,2.24
142.79,2.88
142.8,3.58
142.81,3.87
142.82,1.51
142.83,2.3
142.84,1.4
142.85,1.09
142.86,0.18
142.87,5.42
142.88,6.08
142.89,9.99
142.9,8.0
142.91,4.48
142.92,3.42
142.93,3.21
142.94,2.43
142.95,2.69
142.96,2.69
142.97,3.26
142.98,2.0
142.99,2.48
143.0,1.99
143.01,2.05
143.02,2.91
143.03,2.23
143.04,3.07
143.05,9.81
143.06,3.62
143.07,2.63
143.08,2.18
143.09,2.44
143.1,3.07
143.11,1.94
143.12,2.25
143.13,2.5
143.14,2.33
143.15,2.08
143.16,2.06
143.17,2.25
143.18,2.44
143.19,2.87
143.2,2.67
143.21,3.28
143.22,2.53
143.23,2.83
143.24,2.75
143.25,0.97
143.26,0.78
143.27,1.58
143.28,1.15
143.29,9.63
143.3,9.85
143.31,5.04
143.32,5.13
143.33,3.17
143.34,3.5
143.35,3.74
143.36,2.03
143.37,1.99
143.38,1.8
143.39,2.26
143.4,2.55
143.41,2.23
143.42,1.94
143.43,3.98
143.44,2.91
143.45,2.14
143.46,3.7
143.47,3.42
143.48,1.71
143.49,1.96
143.5,2.12
143.51,2.49
143.52,5.75
143.53,3.29
143.54,3.11
143.55,2.67
143.56,2.0
143.57,2.42
143.58,2.98
143.59,2.38
143.6,3.44
143.61,1.65
143.62,2.08
143.63,2.5
143.64,2.08
143.65,1.25
143.66,2.06
143.67,3.68
143.68,11.29
143.69,6.26
143.7,4.98
143.71,3.8
143.72,3.62
143.73,2.08
143.74,2.19
143.75,2.59
143.76,2.82
143.77,2.6
143.78,2.93
143.79,2.4
143.8,2.1
143.81,2.47
143.82,2.59
143.83,2.12
143.84,2.13
143.85,3.05
143.86,2.25
143.87,2.56
143.88,2.04
143.89,2.44
143.9,1.32
143.91,1.61
143.92,1.96
143.93,2.54
143.94,2.56
143.95,1.68
143.96,5.71
143.97,3.96
143.98,2.28
143.99,2.45
144.0,2.96
144.01,2.51
144.02,1.2
144.03,1.39
144.04,3.43
144.05,3.51
144.06,9.43
144.07,4.49
144.08,3.37
144.09,2.88
144.1,5.16
144.11,5.48
144.12,4.78
144.13,2.76
144.14,2.67
144.15,2.63
144.16,2.04
144.17,1.93
144.18,3.64
144.19,2.23
144.2,1.97
144.21,2.42
144.22,2.61
144.23,2.15
144.24,2.19
144.25,9.11
144.26,2.07
144.27,1.42
144.28,1.72
144.29,1.73
144.3,2.92
144.31,2.13
144.32,2.32
144.33,2.31
144.34,2.21
144.35,4.09
144.36,4.05
144.37,1.98
144.38,1.0
144.39,2.52
144.4,13.22
144.41,10.09
144.42,5.59
144.43,3.49
144.44,3.46
144.45,2.1
144.46,2.28
144.47,3.82
144.48,1.59
144.49,1.59
144.5,2.42
144.51,1.91
144.52,2.63
144.53,2.63
144.54,2.39
144.55,2.05
144.56,3.43
144.57,2.11
144.58,2.16
144.59,2.3
144.6,2.07
144.61,2.06
144.62,1.84
144.63,2.01
144.64,2.14
144.65,2.76
144.66,2.41
144.67,2.21
144.68,2.82
144.69,1.07
144.7,-0.3
144.71,3.69
144.72,10.77
144.73,6.86
144.74,9.2
144.75,2.26
144.76,1.81
144.77,2.26
144.78,1.87
144.79,2.03
144.8,3.33
144.81,2.19
144.82,2.17
144.83,2.33
144.84,2.21
144.85,2.56
144.86,2.13
144.87,2.34
144.88,2.17
144.89,2.74
144.9,2.27
144.91,2.03
144.92,2.65
144.93,2.28
144.94,1.83
144.95,1.62
144.96,2.59
144.97,1.56
144.98,1.68
144.99,2.19
145.0,2.38
145.01,2.69
145.02,2.18
145.03,2.76
145.04,1.32
145.05,0.2
145.06,2.18
145.07,10.48
145.08,6.19
145.09,3.49
145.1,3.39
145.11,4.42
145.12,3.5
145.13,2.84
145.14,3.04
145.15,2.8
145.16,2.32
145.17,2.05
145.18,2.27
145.19,2.28
145.2,2.51
145.21,2.08
145.22,3.7
145.23,1.98
145.24,2.32
145.25,2.1
145.26,1.88
145.27,2.69
145.28,2.59
145.29,4.65
145.3,0.86
145.31,1.99
145.32,2.44
145.33,2.57
145.34,3.46
145.35,2.32
145.36,2.1
145.37,0.84
145.38,0.53
145.39,5.48
145.4,8.29
145.41,8.29
145.42,4.53
145.43,3.68
145.44,3.35
145.45,2.08
145.46,4.06
145.47,3.89
145.48,1.37
145.49,4.41
145.5,3.37
145.51,4.07
145.52,1.83
145.53,1.76
145.54,2.58
145.55,2.17
145.56,2.67
145.57,1.98
145.58,2.23
145.59,4.54
145.6,3.38
145.61,1.79
145.62,1.89
145.63,2.04
145.64,2.99
145.65,2.53
145.66,2.07
145.67,1.49
145.68,1.59
145.69,-0.21
145.7,4.82
145.71,9.93
145.72,4.73
145.73,3.14
145.74,3.22
145.75,2.72
145.76,2.36
145.77,4.62
145.78,2.0
145.79,1.27
145.8,1.8
145.81,2.48
145.82,3.41
145.83,2.43
145.84,2.32
145.85,2.4
145.86,2.03
145.87,2.1
145.88,2.39
145.89,2.63
145.9,5.89
145.91,4.69
145.92,3.46
145.93,3.24
145.94,4.99
145.95,1.74
145.96,3.42
145.97,4.01
145.98,2.08
145.99,1.56
146.0,1.59
146.01,1.18
146.02,1.94
146.03,0.66
146.04,1.68
146.05,3.0
146.06,9.9
146.07,8.66
146.08,7.51
146.09,4.44
146.1,4.18
146.11,2.73
146.12,3.4
146.13,2.43
146.14,3.2
146.15,2.48
146.16,2.77
146.17,4.32
146.18,2.42
146.19,1.6
146.2,1.97
146.21,2.36
146.22,2.35
146.23,2.69
146.24,2.05
146.25,3.0
146.26,2.48
146.27,2.02
146.28,2.26
146.29,2.07
146.3,3.09
146.31,3.4
146.32,2.42
146.33,1.79
146.34,1.98
146.35,2.36
146.36,4.54
146.37,3.41
146.38,2.89
146.39,1.09
146.4,1.55
146.41,1.92
146.42,2.07
146.43,0.38
146.44,5.71
146.45,9.8
146.46,6.34
146.47,3.67
146.48,2.56
146.49,2.41
146.5,2.3
146.51,2.26
146.52,2.55
146.53,3.33
146.54,2.41
146.55,4.97
146.56,3.19
146.57,1.11
146.58,1.49
146.59,2.88
146.6,3.84
146.61,1.36
146.62,1.15
146.63,1.1
146.64,1.12
146.65,1.14
146.66,1.18
146.67,1.13
146.68,1.26
146.69,3.46
146.7,1.3
146.71,1.21
146.72,0.75
146.73,0.7
146.74,4.85
146.75,7.22
146.76,7.13
146.77,5.87
146.78,3.63
146.79,2.65
146.8,3.68
146.81,2.1
146.82,2.19
146.83,2.53
146.84,2.49
146.85,2.43
146.86,0.73
146.87,2.28
146.88,1.91
146.89,2.08
146.9,2.42
146.91,2.09
146.92,1.66
146.93,2.57
146.94,2.41
146.95,2.13
146.96,1.99
146.97,1.96
146.98,2.17
146.99,2.18
147.0,2.54
147.01,2.66
147.02,2.05
147.03,3.87
147.04,2.86
147.05,-0.18
147.06,3.03
147.07,10.04
147.08,7.15
147.09,3.76
147.1,6.03
147.11,4.11
147.12,2.89
147.13,2.12
147.14,2.17
147.15,2.58
147.16,2.78
147.17,3.49
147.18,2.01
147.19,1.95
147.2,2.15
147.21,2.04
147.22,2.07
147.23,2.01
147.24,2.2
147.25,2.48
147.26,2.8
147.27,2.5
147.28,4.01
147.29,2.46
147.3,2.02
147.31,1.99
147.32,1.83
147.33,2.02
147.34,5.41
147.35,0.04
147.36,2.42
147.37,8.54
147.38,8.29
147.39,5.0
147.4,2.55
147.41,2.37
147.42,2.33
147.43,3.4
147.44,3.26
147.45,2.53
147.46,2.37
147.47,4.55
147.48,3.33
147.49,2.65
147.5,3.15
147.51,3.65
147.52,4.4
147.53,2.67
147.54,1.84
147.55,2.13
147.56,2.6
147.57,1.88
147.58,1.63
147.59,2.03
147.6,2.19
147.61,2.47
147.62,2.33
147.63,2.21
147.64,1.97
147.65,3.08
147.66,1.05
147.67,1.23
147.68,12.31
147.69,7.84
147.7,4.55
147.71,3.0
147.72,3.28
147.73,2.63
147.74,2.44
147.75,2.23
147.76,2.45
147.77,2.29
147.78,2.13
147.79,2.3
147.8,2.27
147.81,2.03
147.82,10.23
147.83,3.3
147.84,1.85
147.85,2.19
147.86,2.53
147.87,3.95
147.88,2.36
147.89,2.35
147.9,2.02
147.91,1.92
147.92,2.07
147.93,1.98
147.94,2.15
147.95,2.25
147.96,1.47
147.97,0.93
147.98,6.76
147.99,6.2
148.0,8.0
148.01,5.21
148.02,2.45
148.03,2.0
148.04,2.68
148.05,2.56
148.06,2.52
148.07,2.64
148.08,2.4
148.09,2.23
148.1,2.09
148.11,2.22
148.12,2.38
148.13,3.79
148.14,3.15
148.15,1.7
148.16,1.86
148.17,4.25
148.18,2.97
148.19,2.31
148.2,2.28
148.21,2.41
148.22,2.47
148.23,2.26
148.24,2.1
148.25,2.43
148.26,1.79
148.27,1.2
148.28,0.89
148.29,3.05
148.3,14.96
148.31,4.9
148.32,2.51
148.33,2.72
148.34,2.51
148.35,3.1
148.36,2.09
148.37,2.1
148.38,2.36
148.39,2.47
148.4,2.5
148.41,2.31
148.42,2.1
148.43,2.06
148.44,2.46
148.45,2.38
148.46,4.25
148.47,2.68
148.48,3.53
148.49,2.06
148.5,1.47
148.51,1.74
148.52,4.22
148.53,3.21
148.54,1.95
148.55,2.19
148.56,2.32
148.57,3.1
148.58,2.08
148.59,0.3
148.6,1.72
148.61,10.05
148.62,6.25
148.63,3.1
148.64,3.08
148.65,2.88
148.66,2.92
148.67,2.39
148.68,3.18
148.69,2.11
148.7,3.12
148.71,2.19
148.72,2.85
148.73,2.44
148.74,2.59
148.75,2.49
148.76,2.37
148.77,2.67
148.78,2.15
148.79,3.97
148.8,2.54
148.81,2.31
148.82,2.38
148.83,2.52
148.84,2.34
148.85,2.86
148.86,2.17
148.87,2.46
148.88,5.65
148.89,1.21
148.9,1.8
148.91,1.98
148.92,2.41
148.93,2.29
148.94,3.39
148.95,3.03
148.96,2.81
148.97,3.32
148.98,2.94
148.99,0.74
149.0,2.23
149.01,7.54
149.02,6.49
149.03,3.73
149.04,5.62
149.05,2.14
149.06,3.94
149.07,3.93
149.08,2.82
149.09,1.44
149.1,1.92
149.11,2.32
149.12,3.72
149.13,1.96
149.14,2.39
149.15,2.13
149.16,2.52
149.17,2.21
149.18,2.08
149.19,2.36
149.2,2.61
149.21,2.21
149.22,2.99
149.23,1.85
149.24,1.96
149.25,2.42
149.26,1.94
149.27,2.33
149.28,3.55
149.29,2.68
149.3,2.3
149.31,2.0
149.32,2.48
149.33,1.22
149.34,0.98
149.35,0.42
149.36,1.28
149.37,10.15
149.38,6.99
149.39,3.97
149.4,5.89
149.41,5.54
149.42,5.14
149.43,1.12
149.44,1.48
149.45,2.67
149.46,2.45
149.47,3.61
149.48,2.65
149.49,1.63
149.5,1.31
149.51,1.18
149.52,1.15
149.53,1.26
149.54,0.89
149.55,1.49
149.56,1.5
149.57,1.51
149.58,0.67
149.59,2.37
149.6,3.03
149.61,1.22
149.62,1.81
149.63,2.34
149.64,2.37
149.65,1.73
149.66,1.07
149.67,0.05
149.68,10.09
149.69,6.68
149.7,9.11
149.71,5.18
149.72,3.09
149.73,4.38
149.74,3.1
149.75,1.79
149.76,2.33
149.77,2.51
149.78,2.17
149.79,2.38
149.8,2.39
149.81,2.15
149.82,2.55
149.83,2.14
149.84,2.65
149.85,2.23
149.86,2.75
149.87,2.37
149.88,2.17
149.89,1.87
149.9,2.47
149.91,2.64
149.92,2.22
149.93,5.88
149.94,2.64
149.95,1.53
149.96,1.65
149.97,2.31
149.98,2.18
149.99,3.54
150.0,2.16
150.01,1.07
150.02,0.76
150.03,1.55
150.04,9.42
150.05,10.81
150.06,7.11
150.07,3.78
150.08,3.39
150.09,3.29
150.1,2.84
150.11,2.41
150.12,2.82
150.13,5.21
150.14,3.66
150.15,3.84
150.16,3.14
150.17,1.77
150.18,1.69
150.19,2.27
150.2,2.38
150.21,2.22
150.22,1.94
150.23,2.34
150.24,2.22
150.25,2.39
150.26,2.28
150.27,1.87
150.28,2.56
150.29,2.09
150.3,2.01
150.31,4.58
150.32,3.66
150.33,1.34
150.34,2.05
150.35,2.06
150.36,2.41
150.37,3.0
150.38,1.4
150.39,1.26
150.4,0.46
150.41,2.69
150.42,10.7
150.43,6.66
150.44,3.8
150.45,3.86
150.46,2.73
150.47,2.62
150.48,2.46
150.49,2.21
150.5,2.5
150.51,2.31
150.52,5.22
150.53,0.73
150.54,2.01
150.55,1.85
150.56,5.09
150.57,4.42
150.58,3.71
150.59,1.63
150.6,2.51
150.61,2.66
150.62,2.33
150.63,2.28
150.64,2.35
150.65,2.4
150.66,2.16
150.67,2.6
150.68,2.59
150.69,2.86
150.7,2.39
150.71,3.09
150.72,2.95
150.73,3.94
150.74,2.27
150.75,1.94
150.76,1.02
150.77,0.58
150.78,4.57
150.79,9.4
150.8,7.89
150.81,6.0
150.82,3.72
150.83,3.39
150.84,2.66
150.85,2.15
150.86,2.64
150.87,2.7
150.88,2.33
150.89,2.69
150.9,3.72
150.91,2.11
150.92,1.85
150.93,2.33
150.94,2.19
150.95,2.38
150.96,2.29
150.97,1.94
150.98,5.89
150.99,4.21
151.0,2.74
151.01,2.68
151.02,2.61
151.03,3.16
151.04,2.46
151.05,1.78
151.06,3.24
151.07,2.77
151.08,2.14
151.09,2.8
151.1,7.09
151.11,2.77
151.12,1.61
151.13,1.28
151.14,0.44
151.15,0.83
151.16,5.55
151.17,9.37
151.18,4.78
151.19,3.54
151.2,3.19
151.21,2.86
151.22,1.98
151.23,2.53
151.24,2.4
151.25,1.56
151.26,3.01
151.27,2.8
151.28,2.23
151.29,2.08
151.3,2.76
151.31,4.72
151.32,2.45
151.33,2.18
151.34,1.59
151.35,1.86
151.36,2.16
151.37,2.44
151.38,3.08
151.39,2.21
151.4,2.03
151.41,3.07
151.42,6.13
151.43,4.65
151.44,2.87
151.45,2.19
151.46,2.14
151.47,3.68
151.48,1.39
151.49,1.23
151.5,-0.17
151.51,1.66
151.52,7.01
151.53,7.92
151.54,5.5
151.55,3.38
151.56,3.09
151.57,2.32
151.58,2.77
151.59,2.75
151.6,2.35
151.61,2.12
151.62,2.28
151.63,2.07
151.64,3.02
151.65,2.05
151.66,3.0
151.67,2.27
151.68,6.4
151.69,3.04
151.7,1.15
151.71,1.87
151.72,2.1
151.73,2.42
151.74,3.17
151.75,3.15
151.76,4.57
151.77,2.4
151.78,2.34
151.79,2.35
151.8,2.42
151.81,2.8
151.82,2.46
151.83,2.07
151.84,2.19
151.85,2.17
151.86,2.39
151.87,2.58
151.88,3.18
151.89,3.46
151.9,1.35
151.91,2.0
151.92,7.13
151.93,4.93
151.94,3.39
151.95,2.9
151.96,2.49
151.97,1.64
151.98,1.83
151.99,1.96
152.0,2.2
152.01,2.49
152.02,2.71
152.03,2.72
152.04,3.24
152.05,3.65
152.06,1.45
152.07,3.22
152.08,2.82
152.09,2.43
152.1,2.13
152.11,2.03
152.12,2.07
152.13,1.97
152.14,1.97
152.15,2.13
152.16,3.67
152.17,2.49
152.18,1.91
152.19,2.1
152.2,1.83
152.21,1.01
152.22,1.3
152.23,7.21
152.24,9.3
152.25,8.67
152.26,4.53
152.27,4.31
152.28,2.33
152.29,2.42
152.3,2.53
152.31,2.31
152.32,2.09
152.33,2.07
152.34,2.02
152.35,2.6
152.36,2.6
152.37,2.55
152.38,4.61
152.39,2.03
152.4,1.84
152.41,2.08
152.42,1.88
152.43,1.89
152.44,2.36
152.45,3.28
152.46,2.03
152.47,1.9
152.48,1.97
152.49,1.98
152.5,2.14
152.51,2.48
152.52,1.57
152.53,0.73
152.54,6.62
152.55,7.77
152.56,6.07
152.57,3.75
152.58,2.96
152.59,3.05
152.6,2.93
152.61,3.98
152.62,4.59
152.63,2.91
152.64,2.52
152.65,3.27
152.66,2.68
152.67,2.24
152.68,2.09
152.69,2.24
152.7,2.05
152.71,2.79
152.72,3.84
152.73,1.6
152.74,1.79
152.75,2.15
152.76,1.92
152.77,1.65
152.78,1.98
152.79,2.22
152.8,2.14
152.81,2.65
152.82,2.49
152.83,2.59
152.84,0.83
152.85,5.56
152.86,7.66
152.87,6.3
152.88,6.06
152.89,3.85
152.9,1.22
152.91,1.76
152.92,2.74
152.93,3.5
152.94,1.99
152.95,4.24
152.96,4.67
152.97,2.8
152.98,2.21
152.99,2.2
153.0,1.94
153.01,2.25
153.02,4.01
153.03,1.7
153.04,1.94
153.05,2.13
153.06,2.05
153.07,2.38
153.08,2.19
153.09,2.33
153.1,2.76
153.11,2.32
153.12,2.06
153.13,2.09
153.14,1.29
153.15,0.37
153.16,4.12
153.17,8.56
153.18,7.75
153.19,3.38
153.2,3.81
153.21,2.24
153.22,2.72
153.23,2.34
153.24,2.64
153.25,2.92
153.26,2.42
153.27,2.27
153.28,2.34
153.29,2.33
153.3,2.18
153.31,2.5
153.32,4.64
153.33,4.61
153.34,2.73
153.35,2.33
153.36,1.58
153.37,2.34
153.38,3.75
153.39,3.14
153.4,1.47
153.41,1.75
153.42,1.95
153.43,2.14
153.44,1.61
153.45,1.9
153.46,1.64
153.47,0.52
153.48,1.02
153.49,11.42
153.5,6.68
153.51,4.82
153.52,4.59
153.53,1.92
153.54,2.29
153.55,2.67
153.56,2.51
153.57,2.0
153.58,1.76
153.59,1.97
153.6,2.19
153.61,2.48
153.62,2.32
153.63,3.02
153.64,2.01
153.65,2.23
153.66,2.44
153.67,3.43
153.68,6.5
153.69,1.19
153.7,1.83
153.71,2.21
153.72,2.2
153.73,2.43
153.74,2.07
153.75,1.57
153.76,1.22
153.77,1.49
153.78,4.64
153.79,9.66
153.8,4.75
153.81,3.82
153.82,3.14
153.83,3.44
153.84,3.04
153.85,4.09
153.86,3.55
153.87,3.02
153.88,1.85
153.89,1.73
153.9,2.53
153.91,2.4
153.92,3.23
153.93,2.53
153.94,1.53
153.95,2.05
153.96,1.92
153.97,2.19
153.98,2.52
153.99,2.54
154.0,2.14
154.01,2.18
154.02,1.83
154.03,2.23
154.04,1.83
154.05,2.32
154.06,4.61
154.07,4.97
154.08,3.7
154.09,3.37
154.1,1.73
154.11,0.76
154.12,0.73
154.13,11.34
154.14,6.13
154.15,3.66
154.16,2.84
154.17,2.48
154.18,2.54
154.19,6.2
154.2,0.7
154.21,1.67
154.22,2.2
154.23,2.42
154.24,2.87
154.25,1.83
154.26,2.33
154.27,2.74
154.28,2.25
154.29,2.62
154.3,2.17
154.31,2.72
154.32,2.22
154.33,2.88
154.34,2.6
154.35,2.25
154.36,2.32
154.37,2.22
154.38,2.32
154.39,2.63
154.4,2.22
154.41,3.19
154.42,1.69
154.43,3.3
154.44,4.6
154.45,4.32
154.46,3.78
154.47,2.23
154.48,1.86
154.49,2.25
154.5,1.87
154.51,1.19
154.52,1.53
154.53,11.46
154.54,5.86
154.55,4.43
154.56,3.05
154.57,2.3
154.58,2.25
154.59,2.07
154.6,3.5
154.61,1.97
154.62,1.99
154.63,2.2
154.64,2.1
154.65,1.85
154.66,2.14
154.67,2.69
154.68,2.51
154.69,2.36
154.7,2.34
154.71,2.26
154.72,2.35
154.73,2.35
154.74,3.62
154.75,1.95
154.76,1.91
154.77,2.74
154.78,2.37
154.79,2.26
154.8,3.17
154.81,1.18
154.82,1.77
154.83,2.04
154.84,1.78
154.85,88.6
154.86,6.01
154.87,8.87
154.88,7.47
154.89,2.89
154.9,5.83
154.91,3.98
154.92,1.94
154.93,1.62
154.94,1.8
154.95,1.37
154.96,1.95
154.97,2.78
154.98,3.34
154.99,2.32
155.0,1.32
155.01,2.23
155.02,3.2
155.03,1.97
155.04,1.52
155.05,1.81
155.06,2.17
155.07,1.95
155.08,2.02
155.09,2.28
155.1,2.49
155.11,4.92
155.12,2.7
155.13,1.76
155.14,1.83
155.15,1.97
155.16,1.25
155.17,0.93
155.18,1.57
155.19,8.13
155.2,8.33
155.21,5.54
155.22,3.39
155.23,3.08
155.24,2.7
155.25,3.4
155.26,5.01
155.27,4.19
155.28,3.69
155.29,2.49
155.3,2.59
155.31,2.6
155.32,1.44
155.33,1.07
155.34,1.52
155.35,2.11
155.36,1.97
155.37,3.08
155.38,2.67
155.39,2.0
155.4,1.9
155.41,2.23
155.42,1.97
155.43,2.16
155.44,2.86
155.45,2.93
155.46,2.78
155.47,2.45
155.48,3.26
155.49,3.0
155.5,3.2
155.51,1.07
155.52,0.74
155.53,9.79
155.54,9.85
155.55,6.85
155.56,3.74
155.57,2.37
155.58,2.29
155.59,2.38
155.6,2.48
155.61,2.26
155.62,1.93
155.63,2.09
155.64,3.25
155.65,2.51
155.66,3.69
155.67,3.76
155.68,2.91
155.69,2.45
155.7,2.26
155.71,2.27
155.72,2.57
155.73,2.58
155.74,2.65
155.75,2.72
155.76,2.51
155.77,2.16
155.78,2.47
155.79,2.66
155.8,2.11
155.81,2.27
155.82,0.75
155.83,0.38
155.84,1.05
155.85,11.06
155.86,6.56
155.87,3.26
155.88,2.73
155.89,2.52
155.9,1.95
155.91,2.4
155.92,2.3
155.93,2.57
155.94,2.44
155.95,2.66
155.96,2.69
155.97,3.77
155.98,2.47
155.99,2.52
156.0,3.01
156.01,5.93
156.02,3.28
156.03,2.71
156.04,3.13
156.05,1.63
156.06,1.87
156.07,2.03
156.08,2.04
156.09,1.99
156.1,2.03
156.11,1.99
156.12,2.02
156.13,2.88
156.14,0.49
156.15,3.08
156.16,8.97
156.17,8.1
156.18,4.49
156.19,2.91
156.2,2.6
156.21,2.7
156.22,2.89
156.23,2.72
156.24,2.54
156.25,2.82
156.26,2.22
156.27,2.69
156.28,2.57
156.29,2.91
156.3,2.9
156.31,3.81
156.32,1.08
156.33,1.32
156.34,1.87
156.35,2.41
156.36,3.06
156.37,2.6
156.38,5.19
156.39,3.49
156.4,2.39
156.41,2.17
156.42,2.3
156.43,2.55
156.44,2.61
156.45,1.95
156.46,0.88
156.47,1.42
156.48,6.66
156.49,8.62
156.5,5.19
156.51,1.97
156.52,1.96
156.53,2.16
156.54,2.25
156.55,1.71
156.56,2.14
156.57,2.33
156.58,3.32
156.59,3.29
156.6,2.53
156.61,2.49
156.62,2.68
156.63,3.68
156.64,1.6
156.65,2.38
156.66,2.61
156.67,2.54
156.68,2.45
156.69,2.88
156.7,2.11
156.71,2.34
156.72,2.35
156.73,3.14
156.74,5.92
156.75,3.07
156.76,1.8
156.77,0.88
156.78,0.51
156.79,9.42
156.8,10.14
156.81,3.48
156.82,2.73
156.83,2.54
156.84,2.08
156.85,2.27
156.86,2.08
156.87,3.3
156.88,3.92
156.89,3.07
156.9,2.06
156.91,1.89
156.92,2.04
156.93,2.04
156.94,2.42
156.95,2.77
156.96,2.58
156.97,1.66
156.98,3.34
156.99,3.57
157.0,2.76
157.01,2.14
157.02,1.88
157.03,2.43
157.04,2.41
157.05,2.42
157.06,3.35
157.07,121.19
157.08,1.93
157.09,4.21
157.1,4.38
157.11,2.41
157.12,2.15
157.13,1.79
157.14,1.78
157.15,0.57
157.16,0.46
157.17,-0.16
157.18,1.01
157.19,6.16
157.2,7.64
157.21,2.73
157.22,1.48
157.23,1.4
157.24,1.39
157.25,1.88
157.26,2.28
157.27,2.49
157.28,2.78
157.29,2.94
157.3,2.37
157.31,2.03
157.32,1.8
157.33,1.8
157.34,2.12
157.35,2.49
157.36,2.34
157.37,3.02
157.38,5.61
157.39,1.14
157.4,1.81
157.41,2.16
157.42,2.97
157.43,3.12
157.44,2.19
157.45,2.21
157.46,2.31
157.47,2.07
157.48,3.93
157.49,2.17
157.5,2.78
157.51,6.59
157.52,6.14
157.53,4.03
157.54,4.71
157.55,4.03
157.56,3.0
157.57,1.44
157.58,2.14
157.59,2.56
157.6,3.44
157.61,2.85
157.62,2.3
157.63,2.59
157.64,2.34
157.65,2.41
157.66,2.42
157.67,3.09
157.68,1.64
157.69,2.24
157.7,2.13
157.71,0.55
157.72,0.97
157.73,1.03
157.74,1.13
157.75,1.15
157.76,1.11
157.77,1.12
157.78,1.27
157.79,0.84
157.8,2.26
157.81,5.78
157.82,9.21
157.83,8.42
157.84,5.01
157.85,3.55
157.86,2.94
157.87,6.28
157.88,0.88
157.89,1.62
157.9,2.11
157.91,2.17
157.92,1.94
157.93,2.55
157.94,2.12
157.95,2.0
157.96,2.19
157.97,2.49
157.98,2.5
